/*
SQLyog Professional v12.5.0 (64 bit)
MySQL - 5.5.27 : Database - hospital
*********************************************************************
*/

/*!40101 SET NAMES utf8 */;

/*!40101 SET SQL_MODE=''*/;

/*!40014 SET @OLD_UNIQUE_CHECKS=@@UNIQUE_CHECKS, UNIQUE_CHECKS=0 */;
/*!40014 SET @OLD_FOREIGN_KEY_CHECKS=@@FOREIGN_KEY_CHECKS, FOREIGN_KEY_CHECKS=0 */;
/*!40101 SET @OLD_SQL_MODE=@@SQL_MODE, SQL_MODE='NO_AUTO_VALUE_ON_ZERO' */;
/*!40111 SET @OLD_SQL_NOTES=@@SQL_NOTES, SQL_NOTES=0 */;
CREATE DATABASE /*!32312 IF NOT EXISTS*/`hospital` /*!40100 DEFAULT CHARACTER SET utf8 */;

USE `hospital`;

/*Table structure for table `admins` */

DROP TABLE IF EXISTS `admins`;

CREATE TABLE `admins` (
  `id` bigint(20) unsigned NOT NULL AUTO_INCREMENT,
  `name` varchar(64) NOT NULL,
  `password` varchar(64) NOT NULL,
  `created_at` timestamp NULL DEFAULT NULL,
  `updated_at` timestamp NULL DEFAULT NULL,
  PRIMARY KEY (`id`)
) ENGINE=InnoDB AUTO_INCREMENT=2 DEFAULT CHARSET=utf8;

/*Data for the table `admins` */

insert  into `admins`(`id`,`name`,`password`,`created_at`,`updated_at`) values 
(1,'admin','$2y$10$gM4RtkEVYmKhqSTzsUA/NeoA8OfptNJp9lWwvK3Xv1jofmtDMFqFG','2020-02-19 11:17:12','2020-02-19 11:17:15');

/*Table structure for table `auth_tokens` */

DROP TABLE IF EXISTS `auth_tokens`;

CREATE TABLE `auth_tokens` (
  `id` bigint(20) unsigned NOT NULL AUTO_INCREMENT,
  `user_id` int(11) NOT NULL,
  `client_ip` varchar(32) DEFAULT NULL,
  `ip_location` varchar(255) DEFAULT NULL,
  `token` varchar(255) NOT NULL,
  `created_at` timestamp NULL DEFAULT NULL,
  `updated_at` timestamp NULL DEFAULT NULL,
  PRIMARY KEY (`id`)
) ENGINE=InnoDB DEFAULT CHARSET=utf8;

/*Data for the table `auth_tokens` */

/*Table structure for table `contraries` */

DROP TABLE IF EXISTS `contraries`;

CREATE TABLE `contraries` (
  `id` bigint(20) unsigned NOT NULL AUTO_INCREMENT,
  `name` varchar(255) NOT NULL,
  `contrary` text NOT NULL,
  `created_at` timestamp NULL DEFAULT NULL,
  `updated_at` timestamp NULL DEFAULT NULL,
  PRIMARY KEY (`id`)
) ENGINE=InnoDB AUTO_INCREMENT=16 DEFAULT CHARSET=utf8;

/*Data for the table `contraries` */

insert  into `contraries`(`id`,`name`,`contrary`,`created_at`,`updated_at`) values 
(7,'甘草','甘遂','2020-03-03 21:52:09','2020-04-01 16:30:50'),
(8,'乌头','半夏、全瓜蒌、瓜蒌皮、瓜蒌仁、天花粉、川贝、浙贝、白蔹、白及','2020-03-03 21:52:09','2020-03-03 21:52:09'),
(9,'藜芦','南沙参','2020-03-03 21:52:09','2020-04-01 16:30:50'),
(10,'半夏','乌头','2020-04-01 16:30:50','2020-04-01 16:30:50'),
(11,'瓜蒌','乌头','2020-04-01 16:30:50','2020-04-01 16:30:50'),
(12,'天花粉','天雄','2020-04-01 16:30:50','2020-04-01 16:30:50'),
(13,'川贝母','乌头','2020-04-01 16:30:50','2020-04-01 16:30:50'),
(14,'浙贝母','乌头','2020-04-01 16:30:50','2020-04-01 16:30:50'),
(15,'桂枝','吴茱萸',NULL,NULL);

/*Table structure for table `departments` */

DROP TABLE IF EXISTS `departments`;

CREATE TABLE `departments` (
  `id` bigint(20) unsigned NOT NULL AUTO_INCREMENT,
  `name` varchar(255) NOT NULL,
  `created_at` timestamp NULL DEFAULT NULL,
  `updated_at` timestamp NULL DEFAULT NULL,
  PRIMARY KEY (`id`)
) ENGINE=InnoDB AUTO_INCREMENT=22 DEFAULT CHARSET=utf8;

/*Data for the table `departments` */

insert  into `departments`(`id`,`name`,`created_at`,`updated_at`) values 
(14,'產科','2020-03-03 21:41:33','2020-03-03 21:41:33'),
(15,'产科1','2020-03-03 21:41:43','2020-05-06 16:05:36'),
(16,'制药1','2020-03-03 21:41:58','2020-03-03 21:41:58'),
(17,'外科1','2020-03-03 21:42:12','2020-03-03 21:42:23'),
(18,'内科1','2020-03-03 21:42:55','2020-03-03 21:42:55'),
(19,'药局2','2020-03-04 14:05:54','2020-04-02 16:01:24'),
(20,'前台（挂号）','2020-03-31 11:49:52','2020-03-31 11:49:52'),
(21,'外科11','2020-05-06 16:05:57','2020-05-06 16:05:57');

/*Table structure for table `doctors` */

DROP TABLE IF EXISTS `doctors`;

CREATE TABLE `doctors` (
  `id` bigint(20) unsigned NOT NULL AUTO_INCREMENT,
  `hospital_id` int(11) NOT NULL,
  `name` varchar(128) NOT NULL,
  `phone` varchar(64) NOT NULL,
  `department_id` int(11) NOT NULL,
  `introduction` text,
  `from` varchar(16) NOT NULL,
  `to` varchar(16) NOT NULL,
  `visiting_place` varchar(128) DEFAULT NULL,
  `password` varchar(128) NOT NULL,
  `authority` varchar(128) NOT NULL,
  `doctor_ratio` int(11) DEFAULT NULL,
  `state` varchar(32) DEFAULT NULL,
  `created_at` timestamp NULL DEFAULT NULL,
  `updated_at` timestamp NULL DEFAULT NULL,
  PRIMARY KEY (`id`)
) ENGINE=InnoDB AUTO_INCREMENT=45 DEFAULT CHARSET=utf8;

/*Data for the table `doctors` */

insert  into `doctors`(`id`,`hospital_id`,`name`,`phone`,`department_id`,`introduction`,`from`,`to`,`visiting_place`,`password`,`authority`,`doctor_ratio`,`state`,`created_at`,`updated_at`) values 
(23,8,'医生测试1','12312312312',18,'心专门','08:00','17:00','北京','$2y$10$mDxcjjNXnvCahjYN6bX1De8OjaXeaYis/h1t6WlLP938djcbBa6EO','[\"问诊\"]',70,'DELETED','2020-03-03 21:47:01','2020-03-18 15:33:40'),
(24,8,'医生测试22','12222222222',17,'头专门1','09:00','18:00','北京1','$2y$10$/NxuXQs4eZiFCayn6xS5ZOOi2TtuHc2ZsTblzd7rAqGNX0.40bnUG','[\"挂号\"]',83,'DELETED','2020-03-03 21:47:46','2020-03-18 15:33:36'),
(25,8,'王一','12367898882',19,'挂号','08:00','17:00','铁西分院','$2y$10$KuG3wgoIScE7eJZB5.TfquQIIZhemT6As5laUJmMkEX4veAnHBSiW','[\"挂号\"]',50,'DELETED','2020-03-04 14:07:19','2020-03-18 15:31:59'),
(26,8,'李楠','12345678900',18,'neike','08:00','17:00','铁西分院','$2y$10$iFTv7./3Hla3dV28CreCvuvjx30.9vBiHMC7A0xss/gX4On2XavrG','[\"问诊\"]',40,'NORMAL','2020-03-19 09:42:01','2020-03-31 11:35:28'),
(27,8,'刘丹','13898989898',20,'收费窗口','08:00','17:00','铁西分院','$2y$10$KaVpDKYFGqyag.zx46TdWOSlk3HM3xpCwDPQBb6XGrS58Vw9qNJJ2','[\"挂号\"]',1,'NORMAL','2020-03-31 11:53:51','2020-03-31 12:37:05'),
(28,8,'李四','98765432100',14,'儿童','08:00','17:00','铁西分院','$2y$10$o0Pdy9NCljC2/E4A17s83.PZLtbb54U/MyuyBs27POQ682DeGYuzK','[\"问诊\"]',1,'DELETED','2020-03-31 12:34:24','2020-05-06 15:18:58'),
(29,9,'李先生','12345678901',18,'抓药','08:00','17:00','北京三江','$2y$10$JceK7qeuqDOHSDjxSylnq.v/0pp16eqYGh/weQnTk9MLpyu1x9RRO','[\"问答\",\"药方\",\"药材\",\"问诊\",\"挂号\"]',20,'DELETED','2020-04-01 09:08:57','2020-05-06 15:19:04'),
(30,9,'吴先生','15700000002',18,'按摩','08:00','17:00','三江','$2y$10$FWi8DwdzuqDUL1g4BTaPWOcRBuOMiZeVxd2ZO5BUqhICa1pQ459/2','[\"问答\",\"药方\",\"药材\",\"问诊\",\"挂号\"]',50,'DELETED','2020-04-01 14:41:08','2020-04-02 16:02:08'),
(31,9,'吴先生1','22222222222',14,'按摩','08:00','17:00','北京','$2y$10$Vr8.eiAiSWOCdr6VGvmMpe2OGxjz3voke2kDdG2wlrX6SPQAY0dRm','[\"问诊\"]',65,'DELETED','2020-04-02 16:03:57','2020-04-02 16:09:34'),
(32,10,'吴先生1','12312312312',18,'按摩','08:00','17:00','北京','$2y$10$Iyhm7ER4ZqJmzqbY68wFDeCK9vfAS/Jfn1kF5ZSgM362/ayCPIRRq','[\"问诊\"]',69,'NORMAL','2020-04-02 16:10:22','2020-04-02 20:44:46'),
(33,8,'小红','13898989898',19,'付药抓药','08:00','17:00','铁西分院','$2y$10$5ctikGzPiQQmP.q8BHT6NOsFFx9cP1ZSa0DqN.bShWTSaLzKvuBYC','[\"药材\"]',0,'NORMAL','2020-04-03 09:53:44','2020-05-07 15:50:51'),
(34,9,'steed','13000001111',17,'按摩','08:00','17:00','111','$2y$10$1STevU4mgAIhS6JXjnNuD.vGhKexaTEreeWfI8QRTX4YOND0Z6zEK','[\"问诊\"]',70,'NORMAL','2020-04-21 09:15:35','2020-04-21 09:16:27'),
(35,8,'王三','13369874569',18,'截个','08:00','17:00','新经方铁西分院','$2y$10$K9t/BfLCgx0SoqfLWlput.ap6JYwk8Hok.AmwyRVlnaBJ0ro0TB.S','[\"问诊\"]',100,'NORMAL','2020-05-06 11:31:46','2020-06-09 10:40:56'),
(36,8,'33','12011111111',19,'抓药','08:00','17:00','铁西','$2y$10$k1b7esmWbr4KolRDf678Ce9LGRZvHR29GiSgHwRIIJWWGPmaKkzGi','[\"药方\",\"药材\"]',80,'NORMAL','2020-05-06 15:39:23','2020-05-08 16:08:34'),
(37,8,'133','11122223333',20,'挂号','08:00','17:00','沈阳','$2y$10$MKeuTYKHJw3gQufe4jom8OEoo2QKU5XhpEbnpj18C3Y1cITRlVjJy','[\"问诊\",\"挂号\"]',50,'NORMAL','2020-05-07 17:19:38','2020-05-08 13:41:34'),
(38,8,'1333','11133332222',18,'内科','08:00','17:00','沈阳','$2y$10$gdycUHk3z0u5tfo6z0OtT.pqQUqti1d7vPwPzi5WlzZOT3f2pyXNG','[\"问答\",\"问诊\",\"挂号\"]',100,'NORMAL','2020-05-07 17:20:45','2020-06-09 10:41:09'),
(39,8,'44','22211113333',17,'外科','08:00','17:00','沈阳','$2y$10$cYFElN/rpUZkn1j1ekezteM7uRYum8Bh04fYm2000y3HqXz1p86xS','[\"问诊\"]',50,'NORMAL','2020-05-07 17:21:32','2020-05-07 17:21:32'),
(40,8,'144','33311112222',16,'制药','08:00','17:00','沈阳','$2y$10$LERbtkSk35AAAPqQ8knjS.bViGgj7NKY4deVsph67m092OZcBQEuS','[\"药方\",\"药材\",\"问诊\"]',50,'NORMAL','2020-05-07 17:23:02','2020-05-22 13:37:47'),
(41,8,'1444','44411112222',14,'产科','08:00','17:00','沈阳','$2y$10$mK6bu6HTilt13son7NL3ueKajfl.ikR4bOi9SMfXZKc/sWdbXOBRm','[\"问诊\"]',50,'NORMAL','2020-05-07 17:23:42','2020-05-07 17:23:42'),
(42,8,'3344','33333333333',19,'抓药','08:00','17:00','沈阳','$2y$10$UG.FT6pe4A3IYDdpJgEtz.wV/q8cS8P/V4ylVqJUqlOqmsg9IIccu','[\"药材\"]',50,'NORMAL','2020-07-07 13:39:20','2020-07-07 14:02:17'),
(43,8,'杨医生','11111111111',18,'问诊','08:00','17:00','沈阳','$2y$10$8dHpwAtRqbe.S3STDNcpXuB8RxiF2T0M8VEC6.jynEe/JGBxGR8l2','[\"问答\",\"问诊\"]',50,'NORMAL','2020-07-08 12:54:04','2020-07-08 13:29:01'),
(44,8,'刘医生','33333333333',18,'问诊','08:00','17:00','沈阳','$2y$10$t55w6wCG1rwUQGYFZ.Sy/ea1x/720Z8hl902O.fUVFZbFLU4QsD8y','[\"问诊\"]',50,'NORMAL','2020-07-08 12:54:48','2020-07-08 12:54:48');

/*Table structure for table `hospitals` */

DROP TABLE IF EXISTS `hospitals`;

CREATE TABLE `hospitals` (
  `id` bigint(20) unsigned NOT NULL AUTO_INCREMENT,
  `name` varchar(255) NOT NULL,
  `created_at` timestamp NULL DEFAULT NULL,
  `updated_at` timestamp NULL DEFAULT NULL,
  PRIMARY KEY (`id`)
) ENGINE=InnoDB AUTO_INCREMENT=11 DEFAULT CHARSET=utf8;

/*Data for the table `hospitals` */

insert  into `hospitals`(`id`,`name`,`created_at`,`updated_at`) values 
(8,'新经方铁西分院','2020-03-03 21:43:41','2020-05-06 16:07:58'),
(9,'北京三江医院','2020-03-03 21:43:49','2020-03-03 21:43:49'),
(10,'南京医院','2020-03-03 21:44:02','2020-03-03 21:44:02');

/*Table structure for table `medicines` */

DROP TABLE IF EXISTS `medicines`;

CREATE TABLE `medicines` (
  `id` bigint(20) unsigned NOT NULL AUTO_INCREMENT,
  `name` varchar(255) NOT NULL,
  `usage` varchar(255) NOT NULL,
  `weight` int(11) NOT NULL,
  `price` double(8,2) NOT NULL,
  `min_weight` int(11) NOT NULL,
  `max_weight` int(11) NOT NULL,
  `unit` varchar(32) DEFAULT NULL,
  `option` varchar(128) DEFAULT NULL,
  `flag` varchar(32) DEFAULT 'NORMAL',
  `fuDaiNumber` text,
  `medicines` text,
  `created_at` timestamp NULL DEFAULT NULL,
  `updated_at` timestamp NULL DEFAULT NULL,
  PRIMARY KEY (`id`)
) ENGINE=InnoDB AUTO_INCREMENT=75 DEFAULT CHARSET=utf8;

/*Data for the table `medicines` */

insert  into `medicines`(`id`,`name`,`usage`,`weight`,`price`,`min_weight`,`max_weight`,`unit`,`option`,`flag`,`fuDaiNumber`,`medicines`,`created_at`,`updated_at`) values 
(31,'桂枝','',0,10.00,100,200,'公克','去皮','NORMAL',NULL,NULL,'2020-03-04 10:43:32','2020-05-22 09:49:29'),
(32,'甘草','',0,20.00,12,36,'公克','炙','NORMAL',NULL,NULL,'2020-03-04 10:43:32','2020-03-27 15:57:06'),
(33,'生姜','',0,30.00,10,50,'公克','切','NORMAL',NULL,NULL,'2020-03-04 10:43:32','2020-05-22 10:23:30'),
(34,'大枣','',0,0.00,10,100,'公克','擘','NORMAL',NULL,NULL,'2020-03-04 10:43:32','2020-05-22 10:30:38'),
(35,'枣','',0,0.00,30,100,'公克','擘','NORMAL',NULL,NULL,'2020-03-04 11:11:43','2020-05-22 10:34:49'),
(36,'附子','',0,0.00,10,50,'公克','生，去皮，破八片','NORMAL',NULL,NULL,'2020-03-04 11:11:43','2020-05-22 09:51:27'),
(37,'杏仁','',0,5.00,10,50,'公克','去皮尖','NORMAL',NULL,NULL,'2020-03-04 11:18:01','2020-05-22 10:34:21'),
(38,'麻黄','',0,4.00,10,20,'公克','去节','NORMAL',NULL,NULL,'2020-03-04 11:18:01','2020-05-30 14:52:37'),
(39,'石膏','',0,8.00,10,50,'公克','碎','NORMAL',NULL,NULL,'2020-03-04 11:18:01','2020-05-30 10:14:35'),
(40,'甘草各','',0,0.00,10,50,'公克','炙','NORMAL',NULL,NULL,'2020-03-04 11:18:01','2020-05-22 10:27:16'),
(41,'大黄','',0,4.00,10,50,'公克','去皮','NORMAL',NULL,NULL,'2020-03-04 11:18:01','2020-05-22 10:31:41'),
(42,'甘草生姜各','',0,5.00,10,50,'公克','炙','NORMAL',NULL,NULL,'2020-03-04 11:18:01','2020-05-22 10:26:58'),
(43,'桂枝各','',0,6.00,10,50,'公克','去皮','NORMAL',NULL,NULL,'2020-03-04 11:18:01','2020-05-22 10:36:20'),
(44,'大枣+','',0,0.00,10,100,'公克','擘','NORMAL',NULL,NULL,'2020-03-04 11:18:01','2020-05-22 10:31:09'),
(45,'厚朴','',0,7.00,10,50,'公克','炙，去皮','NORMAL',NULL,NULL,'2020-03-04 11:18:01','2020-05-22 10:29:57'),
(46,'猪苓','',0,0.00,10,50,'公克','去皮','NORMAL',NULL,NULL,'2020-03-04 11:18:01','2020-05-22 10:27:59'),
(47,'栀子','',0,15.00,10,50,'公克','擘','NORMAL',NULL,NULL,'2020-03-04 11:18:01','2020-05-22 10:35:53'),
(48,'香豉','',0,0.00,20,50,'公克','绵裹','NORMAL',NULL,NULL,'2020-03-04 11:18:01','2020-05-22 09:50:42'),
(49,'枳实','',0,10.00,10,100,'公克','炙','NORMAL',NULL,NULL,'2020-03-04 11:18:01','2020-05-22 10:35:25'),
(50,'生姜各','',0,7.00,10,50,'公克','切','NORMAL',NULL,NULL,'2020-03-04 11:18:01','2020-05-22 10:22:52'),
(51,'半夏','',0,22.00,10,50,'公克','洗，破如枣核','NORMAL',NULL,NULL,'2020-03-04 11:18:01','2020-05-22 10:29:38'),
(52,'桃仁','',0,0.00,10,50,'公克','去皮尖','NORMAL',NULL,NULL,'2020-03-04 11:18:01','2020-05-22 10:36:05'),
(53,'牡蛎','',0,4.00,10,50,'公克','熬','NORMAL',NULL,NULL,'2020-03-04 11:18:01','2020-05-22 10:28:26'),
(54,'蜀漆','',0,16.00,10,50,'公克','洗去腥','NORMAL',NULL,NULL,'2020-03-04 11:18:01','2020-05-22 09:54:21'),
(55,'虻虫各','',0,15.00,10,50,'公克','去翅足．熬','NORMAL',NULL,NULL,'2020-03-04 11:18:01','2020-05-22 09:55:19'),
(56,'杏仁半升别捣甘遂末','',0,0.00,10,50,'公克','去皮尖，熬黑','NORMAL',NULL,NULL,'2020-03-04 11:18:01','2020-05-22 10:32:57'),
(57,'巴豆','',0,0.00,10,50,'公克','去皮心，熬黑研如脂','NORMAL',NULL,NULL,'2020-03-04 11:18:01','2020-05-22 10:33:34'),
(58,'赤石脂','',0,0.00,20,100,'公克','碎','NORMAL',NULL,NULL,'2020-03-04 11:18:01','2020-05-22 09:53:13'),
(59,'太','',0,0.00,10,50,'公克','碎','NORMAL',NULL,NULL,'2020-03-04 11:18:01','2020-05-22 10:33:18'),
(60,'瓜蒂','',0,0.00,10,50,'公克','熬黄','NORMAL',NULL,NULL,'2020-03-04 11:18:01','2020-05-22 10:27:40'),
(61,'滑石各','',0,17.00,10,50,'公克','碎','NORMAL',NULL,NULL,'2020-03-04 11:18:01','2020-05-22 10:29:00'),
(62,'吴茱萸','',0,0.00,10,50,'公克','洗','NORMAL',NULL,NULL,'2020-03-04 11:18:01','2020-05-22 10:30:16'),
(63,'肥栀子','',0,0.00,10,50,'公克','擘','NORMAL',NULL,NULL,'2020-03-04 11:18:01','2020-05-22 09:57:46'),
(64,'连翘','',0,15.00,5,30,'公克','连翘根是','NORMAL',NULL,NULL,'2020-03-04 11:18:01','2020-05-22 09:52:56'),
(65,'生梓白皮','',0,0.00,10,50,'公克','切','NORMAL',NULL,NULL,'2020-03-04 11:18:01','2020-05-22 10:05:33'),
(66,'阿胶','',0,14.00,20,100,'公克','一云三挺','NORMAL',NULL,NULL,'2020-03-04 11:18:01','2020-05-22 09:51:48'),
(67,'鸡子','',0,0.00,5,10,'公克','去黄，内上苦酒，着鸡子壳中','NORMAL',NULL,NULL,'2020-03-04 11:18:01','2020-05-22 09:50:35'),
(68,'附子大者','',0,0.00,5,20,'公克','生用，去皮，破八片','NORMAL',NULL,NULL,'2020-03-04 11:18:01','2020-05-22 09:51:05'),
(69,'干姜','',0,13.00,10,100,'公克','强人可四两','NORMAL',NULL,NULL,'2020-03-04 11:18:01','2020-05-22 10:33:55'),
(70,'蜀椒','',0,15.00,10,50,'公克','出汗','NORMAL',NULL,NULL,'2020-03-04 11:18:01','2020-05-22 09:54:43'),
(71,'通草','',0,13.00,10,50,'公克','木','NORMAL',NULL,NULL,'2020-03-04 11:18:01','2020-05-22 09:52:37'),
(72,'麦门冬','',0,0.00,10,40,'公克','去心','NORMAL',NULL,NULL,'2020-03-04 11:18:01','2020-05-30 10:22:58'),
(73,'豉','',0,0.00,10,50,'公克','绵裹','NORMAL',NULL,NULL,'2020-03-04 11:18:01','2020-05-25 09:57:54'),
(74,'芍药','',0,13.00,10,50,'公克','','NORMAL',NULL,NULL,'2020-04-02 17:08:54','2020-05-22 09:57:06');

/*Table structure for table `migrations` */

DROP TABLE IF EXISTS `migrations`;

CREATE TABLE `migrations` (
  `id` int(10) unsigned NOT NULL AUTO_INCREMENT,
  `migration` varchar(255) NOT NULL,
  `batch` int(11) NOT NULL,
  PRIMARY KEY (`id`)
) ENGINE=InnoDB AUTO_INCREMENT=15 DEFAULT CHARSET=utf8;

/*Data for the table `migrations` */

insert  into `migrations`(`id`,`migration`,`batch`) values 
(1,'2019_07_11_091247_create_auth_tokens_table',1),
(2,'2019_11_29_154440_create_admins_table',1),
(3,'2019_11_29_170354_create_users_table',1),
(4,'2019_11_29_170417_create_departments_table',1),
(5,'2019_12_02_161458_create_doctors_table',1),
(6,'2019_12_03_183429_create_settings_table',1),
(7,'2019_12_04_075310_create_recipe_parts_table',1),
(8,'2019_12_04_160526_create_medicines_table',1),
(9,'2019_12_05_101420_create_recipes_table',1),
(10,'2019_12_26_123637_create_patients_table',1),
(11,'2019_12_31_083134_create_treatments_table',1),
(12,'2020_01_06_200911_create_questions_table',1),
(13,'2020_01_08_092054_create_contraries_table',1),
(14,'2020_02_11_062245_create_hospitals_table',2);

/*Table structure for table `patients` */

DROP TABLE IF EXISTS `patients`;

CREATE TABLE `patients` (
  `id` bigint(20) unsigned NOT NULL AUTO_INCREMENT,
  `phone_number` varchar(255) NOT NULL,
  `ID_Number` varchar(255) NOT NULL,
  `name` varchar(255) NOT NULL,
  `img_url` varchar(255) NOT NULL,
  `sex` varchar(16) NOT NULL,
  `created_at` timestamp NULL DEFAULT NULL,
  `updated_at` timestamp NULL DEFAULT NULL,
  PRIMARY KEY (`id`)
) ENGINE=InnoDB AUTO_INCREMENT=47 DEFAULT CHARSET=utf8;

/*Data for the table `patients` */

insert  into `patients`(`id`,`phone_number`,`ID_Number`,`name`,`img_url`,`sex`,`created_at`,`updated_at`) values 
(6,'13333333333','111111111111111111','王一','17egL5z7Ip.png','女','2020-03-03 22:05:52','2020-07-08 12:56:00'),
(7,'13298098991','211481198412250768','网易','oC9cUBfKni.png','男','2020-03-04 09:46:57','2020-03-04 09:46:57'),
(8,'13889295520','211481198412250689','刘丹','NoShZjgAYQ.png','男','2020-03-04 14:11:01','2020-03-04 14:11:01'),
(9,'11137937732','123123123123123123123','haunze1','aRVgSQcURf.png','男','2020-03-27 09:31:38','2020-03-27 09:31:38'),
(10,'12345678123','123456789012345678','李先生','yPB6IMfeZ3.png','男','2020-03-27 09:45:06','2020-03-27 09:45:06'),
(11,'12345678901','211123456789012345','新浪','Y9mdDqhTRC.png','女','2020-03-27 09:59:06','2020-03-27 09:59:06'),
(12,'13298098991','987654321098712345','王大宝','SquYD8qLZu.png','女','2020-03-27 14:09:04','2020-03-27 14:09:04'),
(13,'12345678123','123456789012345667','欧先生','dQg3P7cKpv.png','男','2020-03-27 15:34:52','2020-03-27 15:34:52'),
(14,'13098765432','211481987668777234','王晓丹','GW7w0Mxf5O.png','男','2020-03-30 10:13:50','2020-03-30 10:13:50'),
(15,'13098765442','987698989898989899','张三','N7GCuKTEdt.png','男','2020-03-30 10:17:37','2020-03-30 10:17:37'),
(16,'15700000001','202004010000000000','李患者','Lk6TZAiwcE.png','男','2020-04-01 09:27:20','2020-04-01 09:27:20'),
(17,'15700000001','202004010000000001','李患者','6ElywLtr3B.png','男','2020-04-01 10:50:41','2020-04-01 10:50:41'),
(18,'13299999999','123456789000000000','杨志涛','XLO3xKSrTW.png','男','2020-04-01 15:19:23','2020-04-01 15:19:23'),
(19,'33333332222','234234222222222222','Request','yRrIXVQAXg.png','男','2020-04-02 09:39:03','2020-04-02 09:39:03'),
(20,'13412345678','211345678902222222','唐晓丽','buCC9OG4Yg.png','女','2020-04-03 09:44:15','2020-04-03 09:44:15'),
(21,'15700000008','202004080000000001','李患者','lHwaOdNTwe.png','男','2020-04-08 14:37:26','2020-04-08 14:37:26'),
(22,'15700000009','202004080000000002','李患者','1AhuoQKyf9.png','男','2020-04-08 14:42:47','2020-04-08 14:42:47'),
(23,'13333333333','210111111111111111','sweet','mfYSOc0WAf.png','女','2020-05-22 08:36:44','2020-05-22 08:36:44'),
(24,'13233333333','211111111111111111','good','07LbNr4LLa.png','男','2020-05-22 10:43:54','2020-05-22 10:43:54'),
(25,'12345678910','123456789101112131','dan','JUKS2Up2vU.png','男','2020-05-22 10:59:49','2020-05-22 10:59:49'),
(26,'13344444444','222222222222222222','王二','ISGXZRTHlw.png','女','2020-05-22 11:00:28','2020-07-08 12:57:27'),
(27,'55555555554','333333333333333333','王三','gkXuwcjoGc.png','女','2020-05-22 11:21:25','2020-07-08 12:58:16'),
(28,'55555555555','333223234234234234234','dandan','pArRS9XGUj.png','男','2020-05-29 10:23:36','2020-07-07 16:22:19'),
(29,'12222222222','444444444444444444','王四','DqeaPWKnMo.png','女','2020-05-30 09:58:25','2020-07-08 12:59:03'),
(30,'13233333333','555555555555555555','李一','Ug62YDX16Q.png','女','2020-05-30 13:39:49','2020-07-08 13:05:59'),
(31,'55555555554','666666666666666666','5.30下下','hreriLTmCU.png','女','2020-05-30 13:41:55','2020-05-30 13:41:55'),
(32,'55555555555','777777777777777777','李二','geUYpse1Ys.png','男','2020-05-30 15:01:56','2020-07-08 13:02:49'),
(33,'13344444444','888888888888888888','李三','fv4omlUSxj.png','男','2020-06-03 11:23:19','2020-07-08 13:03:36'),
(34,'55555555554','999999999999999999','李四','4gAZOYnRH1.png','男','2020-06-03 11:25:02','2020-07-08 13:04:20'),
(35,'13333333333','000000000000000000','sweet55','L2eFghbBr5.png','男','2020-06-05 10:24:31','2020-06-10 11:21:56'),
(36,'55555555554','123456789009876543','6.5XIA','4JdOuiVnFw.png','女','2020-06-05 14:45:41','2020-06-05 14:45:41'),
(37,'13333333333','098778900987789009','6.8','vOjiG42rdX.png','女','2020-06-08 10:09:58','2020-06-08 10:09:58'),
(38,'55555555555','777788889999000000','133','1N8xZyDsIg.png','女','2020-06-11 10:14:12','2020-06-11 10:32:36'),
(39,'55555555555','576543444444444444','sweet11','2eA45Haips.png','女','2020-06-11 10:30:00','2020-06-11 10:30:00'),
(40,'55555555554','555555555666666666','6.13','aXhLySSq68.png','女','2020-06-11 10:59:04','2020-06-22 15:31:18'),
(41,'13233333333','666666666777777777','33333','xvAd1EmhWa.png','女','2020-06-11 13:23:12','2020-06-11 13:54:13'),
(42,'12222222222','222222222333333333','6.16','r8vPFkghuW.png','男','2020-06-16 09:18:54','2020-06-16 09:18:54'),
(43,'13333333333','111111111999999999','6.19','ZubBWRvU7N.png','女','2020-06-19 13:15:41','2020-06-19 13:15:41'),
(44,'13233333333','333333333444444444','王五','jTSMPARmI1.png','女','2020-06-23 13:14:43','2020-07-08 13:07:19'),
(45,'13333333333','123443211234432112','7.3','N2oua1cRLz.png','女','2020-07-03 09:12:26','2020-07-03 09:59:28'),
(46,'13344444444','111111111222222222','李五','4zaj7yrWrG.png','男','2020-07-08 13:05:18','2020-07-08 13:05:18');

/*Table structure for table `questions` */

DROP TABLE IF EXISTS `questions`;

CREATE TABLE `questions` (
  `id` bigint(20) unsigned NOT NULL AUTO_INCREMENT,
  `department_id` int(11) NOT NULL,
  `questions` text NOT NULL,
  `recipes` varchar(255) NOT NULL,
  `title` varchar(255) NOT NULL,
  `disease_name` varchar(255) NOT NULL,
  `number` varchar(255) NOT NULL,
  `biaozheng` text,
  `lizheng` text,
  `biaoli` text,
  `maizheng` text,
  `fuDaiNumber` text,
  `medicines` text,
  `created_at` timestamp NULL DEFAULT NULL,
  `updated_at` timestamp NULL DEFAULT NULL,
  PRIMARY KEY (`id`)
) ENGINE=InnoDB AUTO_INCREMENT=16 DEFAULT CHARSET=utf8;

/*Data for the table `questions` */

insert  into `questions`(`id`,`department_id`,`questions`,`recipes`,`title`,`disease_name`,`number`,`biaozheng`,`lizheng`,`biaoli`,`maizheng`,`fuDaiNumber`,`medicines`,`created_at`,`updated_at`) values 
(7,14,'[{\"answerItemNumber\":1,\"question\":\"zhiwen\",\"answers\":[\"1\"]}]','[\"15\",\"17\",\"19\",\"20\"]','该文档网。','123','57qAY9','[\"发热\",\"汗出\",\"恶风\",\"鼻鸣干呕\",\"头项强痛\",\"ww\"]','[\"不呕\",\"下之后\",\"大烦渴不解\",\"心下满微痛\",\"吐逆\"]','[\"胸满\",\"小便不利\",\"小便难\",\"小便数\",\"心烦\"]','[\"脉缓\",\"脉浮缓\",\"脉促\",\"脉微缓\",\"脉微\"]','','[{\"receip_id\":\"15\",\"receip_txt\":\"桂枝汤\",\"medicines\":[{\"id\":\"31\",\"name\":\"桂枝\",\"mass\":\"150\",\"price\":\"10.00\",\"unit\":\"公克\",\"max_weight\":\"150\",\"min_weight\":\"150\"},{\"id\":\"32\",\"name\":\"甘草\",\"mass\":\"100\",\"price\":\"20.00\",\"unit\":\"公克\",\"max_weight\":\"100\",\"min_weight\":\"100\"},{\"id\":\"33\",\"name\":\"生姜\",\"mass\":\"150\",\"price\":\"30.00\",\"unit\":\"公克\",\"max_weight\":\"150\",\"min_weight\":\"150\"},{\"id\":\"34\",\"name\":\"大枣\",\"mass\":\"12\",\"price\":\"0.00\",\"unit\":\"枚\",\"max_weight\":\"12\",\"min_weight\":\"12\"}],\"fu_number\":\"0\",\"total\":\"0\"},{\"receip_id\":\"17\",\"receip_txt\":\"桂枝汤2\",\"medicines\":[{\"id\":\"31\",\"name\":\"桂枝\",\"mass\":\"50\",\"price\":\"10\",\"unit\":\"公克\",\"max_weight\":\"50\",\"min_weight\":\"50\"},{\"id\":\"32\",\"name\":\"甘草\",\"mass\":\"100\",\"price\":\"20\",\"unit\":\"公克\",\"max_weight\":\"100\",\"min_weight\":\"100\"},{\"id\":\"33\",\"name\":\"生姜\",\"mass\":\"30\",\"price\":\"30\",\"unit\":\"公克\",\"max_weight\":\"30\",\"min_weight\":\"30\"},{\"id\":\"34\",\"name\":\"大枣\",\"mass\":\"12\",\"price\":\"0.00\",\"unit\":\"枚\",\"max_weight\":\"12\",\"min_weight\":\"12\"}],\"fu_number\":\"0\",\"total\":\"0\"},{\"receip_id\":\"19\",\"receip_txt\":\"桂枝加附子汤\",\"medicines\":[{\"id\":\"31\",\"name\":\"桂枝\",\"mass\":\"150\",\"price\":\"10.00\",\"unit\":\"公克\",\"max_weight\":\"150\",\"min_weight\":\"150\"},{\"id\":\"32\",\"name\":\"甘草\",\"mass\":\"150\",\"price\":\"20.00\",\"unit\":\"公克\",\"max_weight\":\"150\",\"min_weight\":\"150\"},{\"id\":\"33\",\"name\":\"生姜\",\"mass\":\"150\",\"price\":\"30.00\",\"unit\":\"公克\",\"max_weight\":\"150\",\"min_weight\":\"150\"},{\"id\":\"34\",\"name\":\"大枣\",\"mass\":\"12\",\"price\":\"0.00\",\"unit\":\"枚\",\"max_weight\":\"12\",\"min_weight\":\"12\"},{\"id\":\"36\",\"name\":\"附子\",\"mass\":\"1\",\"price\":\"0.00\",\"unit\":\"枚\",\"max_weight\":\"1\",\"min_weight\":\"1\"}],\"fu_number\":\"0\",\"total\":\"0\"},{\"receip_id\":\"20\",\"receip_txt\":\"桂枝去芍药汤，桂枝去芍药加附子\",\"medicines\":[{\"id\":\"31\",\"name\":\"桂枝\",\"mass\":\"150\",\"price\":\"10.00\",\"unit\":\"公克\",\"max_weight\":\"150\",\"min_weight\":\"150\"},{\"id\":\"32\",\"name\":\"甘草\",\"mass\":\"100\",\"price\":\"20.00\",\"unit\":\"公克\",\"max_weight\":\"100\",\"min_weight\":\"100\"},{\"id\":\"33\",\"name\":\"生姜\",\"mass\":\"150\",\"price\":\"30.00\",\"unit\":\"公克\",\"max_weight\":\"150\",\"min_weight\":\"150\"},{\"id\":\"34\",\"name\":\"大枣\",\"mass\":\"12\",\"price\":\"0.00\",\"unit\":\"枚\",\"max_weight\":\"12\",\"min_weight\":\"12\"}],\"fu_number\":\"0\",\"total\":\"0\"}]','2020-03-25 15:29:55','2020-03-25 15:29:55'),
(8,15,'[{\"answerItemNumber\":1,\"question\":\"您的体温\",\"answers\":[\"37\",\"38\",\"39\"]},{\"answerItemNumber\":1,\"question\":\"您的重量\",\"answers\":[\"23\",\"32\"]}]','[\"15\",\"17\",\"20\"]','判断感冒','','HVRD4i','[\"发热\",\"汗出\",\"恶风\",\"鼻鸣干呕\",\"头项强痛\",\"ff\"]','[\"不呕\",\"下之后\",\"大烦渴不解\",\"心下满微痛\",\"吐逆\"]','[\"胸满\",\"小便不利\",\"小便难\",\"小便数\",\"心烦\"]','[\"脉缓\",\"脉浮缓\",\"脉促\",\"脉微缓\",\"脉微\"]',NULL,'[{\"id\":15,\"medicine\":\"[{\\\"medicine_id\\\":31,\\\"medicine\\\":\\\"桂枝\\\",\\\"min_weight\\\":150,\\\"max_weight\\\":150,\\\"unit\\\":\\\"公克\\\",\\\"option\\\":\\\"去皮\\\",\\\"price\\\":\\\"10.00\\\",\\\"weight\\\":150},{\\\"medicine_id\\\":32,\\\"medicine\\\":\\\"甘草\\\",\\\"min_weight\\\":100,\\\"max_weight\\\":100,\\\"unit\\\":\\\"公克\\\",\\\"option\\\":\\\"炙\\\",\\\"price\\\":\\\"20.00\\\",\\\"weight\\\":100},{\\\"medicine_id\\\":33,\\\"medicine\\\":\\\"生姜\\\",\\\"min_weight\\\":150,\\\"max_weight\\\":150,\\\"unit\\\":\\\"公克\\\",\\\"option\\\":\\\"切\\\",\\\"price\\\":\\\"30.00\\\",\\\"weight\\\":150},{\\\"medicine_id\\\":34,\\\"medicine\\\":\\\"大枣\\\",\\\"min_weight\\\":12,\\\"max_weight\\\":12,\\\"unit\\\":\\\"枚\\\",\\\"option\\\":\\\"擘\\\",\\\"price\\\":\\\"0.00\\\",\\\"weight\\\":12}]\",\"prescription_name\":\"桂枝汤\",\"daiNumber\":\"3\",\"price\":800},{\"id\":17,\"medicine\":\"[{\\\"medicine_id\\\":31,\\\"medicine\\\":\\\"桂枝\\\",\\\"min_weight\\\":50,\\\"max_weight\\\":50,\\\"unit\\\":\\\"公克\\\",\\\"option\\\":\\\"去皮\\\",\\\"price\\\":\\\"10\\\",\\\"weight\\\":50},{\\\"medicine_id\\\":32,\\\"medicine\\\":\\\"甘草\\\",\\\"min_weight\\\":100,\\\"max_weight\\\":100,\\\"unit\\\":\\\"公克\\\",\\\"option\\\":\\\"炙\\\",\\\"price\\\":\\\"20\\\",\\\"weight\\\":100},{\\\"medicine_id\\\":33,\\\"medicine\\\":\\\"生姜\\\",\\\"min_weight\\\":30,\\\"max_weight\\\":30,\\\"unit\\\":\\\"公克\\\",\\\"option\\\":\\\"切\\\",\\\"price\\\":\\\"30\\\",\\\"weight\\\":30},{\\\"medicine_id\\\":34,\\\"medicine\\\":\\\"大枣\\\",\\\"min_weight\\\":12,\\\"max_weight\\\":12,\\\"unit\\\":\\\"枚\\\",\\\"option\\\":\\\"擘\\\",\\\"price\\\":\\\"0.00\\\",\\\"weight\\\":12}]\",\"prescription_name\":\"桂枝汤2\",\"daiNumber\":\"6\",\"price\":340},{\"id\":20,\"medicine\":\"[{\\\"medicine_id\\\":31,\\\"medicine\\\":\\\"桂枝\\\",\\\"min_weight\\\":150,\\\"max_weight\\\":150,\\\"unit\\\":\\\"公克\\\",\\\"option\\\":\\\"去皮\\\",\\\"price\\\":\\\"10.00\\\",\\\"weight\\\":150},{\\\"medicine_id\\\":32,\\\"medicine\\\":\\\"甘草\\\",\\\"min_weight\\\":100,\\\"max_weight\\\":100,\\\"unit\\\":\\\"公克\\\",\\\"option\\\":\\\"炙\\\",\\\"price\\\":\\\"20.00\\\",\\\"weight\\\":100},{\\\"medicine_id\\\":33,\\\"medicine\\\":\\\"生姜\\\",\\\"min_weight\\\":150,\\\"max_weight\\\":150,\\\"unit\\\":\\\"公克\\\",\\\"option\\\":\\\"切\\\",\\\"price\\\":\\\"30.00\\\",\\\"weight\\\":150},{\\\"medicine_id\\\":34,\\\"medicine\\\":\\\"大枣\\\",\\\"min_weight\\\":12,\\\"max_weight\\\":12,\\\"unit\\\":\\\"枚\\\",\\\"option\\\":\\\"擘\\\",\\\"price\\\":\\\"0.00\\\",\\\"weight\\\":12}]\",\"prescription_name\":\"桂枝去芍药汤，桂枝去芍药加附子\",\"daiNumber\":\"1\",\"price\":800}]','2020-03-26 16:54:01','2020-03-26 16:54:01'),
(9,16,'[]','[\"15\"]','李先生抓药001','','GDGyia','[\"发热\",\"汗出\",\"恶风\",\"鼻鸣干呕\",\"头项强痛\"]','[\"不呕\",\"下之后\",\"大烦渴不解\",\"心下满微痛\",\"吐逆\"]','[\"胸满\",\"小便不利\",\"小便难\",\"小便数\",\"心烦\"]','[\"脉缓\",\"脉浮缓\",\"脉促\",\"脉微缓\",\"脉微\"]',NULL,'[{\"id\":15,\"medicine\":\"[{\\\"medicine_id\\\":31,\\\"medicine\\\":\\\"桂枝\\\",\\\"min_weight\\\":\\\"100\\\",\\\"max_weight\\\":\\\"200\\\",\\\"unit\\\":\\\"公克\\\",\\\"option\\\":\\\"去皮\\\",\\\"price\\\":\\\"10.00\\\",\\\"weight\\\":100},{\\\"medicine_id\\\":32,\\\"medicine\\\":\\\"甘草\\\",\\\"min_weight\\\":\\\"12\\\",\\\"max_weight\\\":\\\"36\\\",\\\"unit\\\":\\\"公克\\\",\\\"option\\\":\\\"炙\\\",\\\"price\\\":\\\"20.00\\\",\\\"weight\\\":12},{\\\"medicine_id\\\":33,\\\"medicine\\\":\\\"生姜\\\",\\\"min_weight\\\":\\\"0\\\",\\\"max_weight\\\":\\\"0\\\",\\\"unit\\\":\\\"公克\\\",\\\"option\\\":\\\"切\\\",\\\"price\\\":\\\"30.00\\\",\\\"weight\\\":10},{\\\"medicine_id\\\":34,\\\"medicine\\\":\\\"大枣\\\",\\\"min_weight\\\":\\\"0\\\",\\\"max_weight\\\":\\\"0\\\",\\\"unit\\\":\\\"枚\\\",\\\"option\\\":\\\"擘\\\",\\\"price\\\":\\\"0.00\\\",\\\"weight\\\":10}]\",\"prescription_name\":\"桂枝汤\",\"other_condition\":\"太阳病，外证未解，脉浮弱者，当以汗解，宜桂枝汤。\",\"eating_method\":\"上五味，以水七升，煮取三升，去滓，温服一升。须臾啜热稀粥一升，助药力，取微汗。\",\"ban\":null,\"daiNumber\":0,\"price\":154}]','2020-04-01 09:37:33','2020-04-01 09:37:33'),
(10,17,'[{\"answerItemNumber\":1,\"question\":\"fff\",\"answers\":[\"s\",\"d\"]}]','[\"15\"]','问诊单模板测试','','Ln0r5e','[\"发热\",\"汗出\",\"恶风\",\"鼻鸣干呕\",\"头项强痛\"]','[\"不呕\",\"下之后\",\"大烦渴不解\",\"心下满微痛\",\"吐逆\"]','[\"胸满\",\"小便不利\",\"小便难\",\"小便数\",\"心烦\"]','[\"脉缓\",\"脉浮缓\",\"脉促\",\"脉微缓\",\"脉微\"]',NULL,'[{\"id\":15,\"medicine\":\"[{\\\"medicine_id\\\":31,\\\"medicine\\\":\\\"桂枝\\\",\\\"min_weight\\\":\\\"100\\\",\\\"max_weight\\\":\\\"200\\\",\\\"unit\\\":\\\"公克\\\",\\\"option\\\":\\\"去皮\\\",\\\"price\\\":\\\"10.00\\\",\\\"weight\\\":1},{\\\"medicine_id\\\":32,\\\"medicine\\\":\\\"甘草\\\",\\\"min_weight\\\":\\\"12\\\",\\\"max_weight\\\":\\\"36\\\",\\\"unit\\\":\\\"公克\\\",\\\"option\\\":\\\"炙\\\",\\\"price\\\":\\\"20.00\\\",\\\"weight\\\":2},{\\\"medicine_id\\\":33,\\\"medicine\\\":\\\"生姜\\\",\\\"min_weight\\\":\\\"0\\\",\\\"max_weight\\\":\\\"0\\\",\\\"unit\\\":\\\"公克\\\",\\\"option\\\":\\\"切\\\",\\\"price\\\":\\\"30.00\\\",\\\"weight\\\":3},{\\\"medicine_id\\\":34,\\\"medicine\\\":\\\"大枣\\\",\\\"min_weight\\\":\\\"0\\\",\\\"max_weight\\\":\\\"0\\\",\\\"unit\\\":\\\"枚\\\",\\\"option\\\":\\\"擘\\\",\\\"price\\\":\\\"0.00\\\",\\\"weight\\\":4}]\",\"prescription_name\":\"桂枝汤\",\"other_condition\":\"太阳病，外证未解，脉浮弱者，当以汗解，宜桂枝汤。\",\"eating_method\":\"上五味，以水七升，煮取三升，去滓，温服一升。须臾啜热稀粥一升，助药力，取微汗。\",\"ban\":null,\"daiNumber\":\"2\",\"price\":14}]','2020-04-02 10:25:56','2020-04-02 10:25:56'),
(11,18,'[]','[\"16\"]','问诊断测试1','','ZEr562','[\"发热\",\"汗出\",\"恶风\",\"鼻鸣干呕\",\"头项强痛\"]','[\"不呕\",\"下之后\",\"大烦渴不解\",\"心下满微痛\",\"吐逆\"]','[\"胸满\",\"小便不利\",\"小便难\",\"小便数\",\"心烦\"]','[\"脉缓\",\"脉浮缓\",\"脉促\",\"脉微缓\",\"脉微\"]',NULL,'[{\"id\":16,\"medicine\":\"[{\\\"medicine_id\\\":31,\\\"medicine\\\":\\\"桂枝\\\",\\\"min_weight\\\":\\\"100\\\",\\\"max_weight\\\":\\\"200\\\",\\\"unit\\\":\\\"公克\\\",\\\"option\\\":\\\"去皮\\\",\\\"price\\\":\\\"10.00\\\",\\\"weight\\\":2},{\\\"medicine_id\\\":74,\\\"medicine\\\":\\\"芍药\\\",\\\"min_weight\\\":\\\"0\\\",\\\"max_weight\\\":\\\"0\\\",\\\"unit\\\":\\\"公克\\\",\\\"option\\\":\\\"\\\",\\\"price\\\":\\\"0.00\\\",\\\"weight\\\":3},{\\\"medicine_id\\\":32,\\\"medicine\\\":\\\"甘草\\\",\\\"min_weight\\\":\\\"12\\\",\\\"max_weight\\\":\\\"36\\\",\\\"unit\\\":\\\"公克\\\",\\\"option\\\":\\\"炙\\\",\\\"price\\\":\\\"20.00\\\",\\\"weight\\\":3},{\\\"medicine_id\\\":33,\\\"medicine\\\":\\\"生姜\\\",\\\"min_weight\\\":\\\"0\\\",\\\"max_weight\\\":\\\"0\\\",\\\"unit\\\":\\\"公克\\\",\\\"option\\\":\\\"切\\\",\\\"price\\\":\\\"30.00\\\",\\\"weight\\\":3},{\\\"medicine_id\\\":34,\\\"medicine\\\":\\\"大枣\\\",\\\"min_weight\\\":\\\"0\\\",\\\"max_weight\\\":\\\"0\\\",\\\"unit\\\":\\\"枚\\\",\\\"option\\\":\\\"擘\\\",\\\"price\\\":\\\"0.00\\\",\\\"weight\\\":3}]\",\"prescription_name\":\"桂枝汤1\",\"other_condition\":\"太阳中风，阳浮而阴弱。阳浮者，热自发，阴弱者，汗自出。啬啬（se）恶寒，淅淅(xi)恶风，翕翕(xi)发热，鼻鸣干呕者，桂枝汤主之。（太阳病、脉浮、头项强痛而恶寒。）\",\"eating_method\":\"上五昧，㕮咀三味，以水七升，微火煮取三升，去滓，适寒温，服一升。服已，须臾啜(chuo)热稀粥一升余，以助药力。温覆令一时许，遍身絷絷(zhi)，微似有汗者益佳，不可令如水淋漓，病必不除。\",\"ban\":\"脉紧、无汗、发热的不能用，发热而渴、不恶寒、自汗出为里热者不能用桂枝汤，酒客病酒的人不能用，、用之则呕吐，脉微而恶寒者、此表里俱虚不可用，桂枝汤证可是小便少、必须利小便。\",\"daiNumber\":0,\"price\":17}]','2020-04-02 17:13:41','2020-04-02 17:13:41'),
(12,19,'[]','[\"16\",\"17\"]','问诊单模板1','','GMh47j','[\"发热\",\"汗出\",\"恶风\",\"鼻鸣干呕\",\"头项强痛\"]','[\"不呕\",\"下之后\",\"大烦渴不解\",\"心下满微痛\",\"吐逆\"]','[\"胸满\",\"小便不利\",\"小便难\",\"小便数\",\"心烦\"]','[\"脉缓\",\"脉浮缓\",\"脉促\",\"脉微缓\",\"脉微\"]',NULL,'[{\"id\":16,\"medicine\":\"[{\\\"medicine_id\\\":31,\\\"medicine\\\":\\\"桂枝\\\",\\\"min_weight\\\":\\\"100\\\",\\\"max_weight\\\":\\\"200\\\",\\\"unit\\\":\\\"公克\\\",\\\"option\\\":\\\"去皮\\\",\\\"price\\\":\\\"10.00\\\",\\\"weight\\\":1},{\\\"medicine_id\\\":74,\\\"medicine\\\":\\\"芍药\\\",\\\"min_weight\\\":\\\"0\\\",\\\"max_weight\\\":\\\"0\\\",\\\"unit\\\":\\\"公克\\\",\\\"option\\\":\\\"\\\",\\\"price\\\":\\\"0.00\\\",\\\"weight\\\":2},{\\\"medicine_id\\\":32,\\\"medicine\\\":\\\"甘草\\\",\\\"min_weight\\\":\\\"12\\\",\\\"max_weight\\\":\\\"36\\\",\\\"unit\\\":\\\"公克\\\",\\\"option\\\":\\\"炙\\\",\\\"price\\\":\\\"20.00\\\",\\\"weight\\\":3},{\\\"medicine_id\\\":33,\\\"medicine\\\":\\\"生姜\\\",\\\"min_weight\\\":\\\"0\\\",\\\"max_weight\\\":\\\"0\\\",\\\"unit\\\":\\\"公克\\\",\\\"option\\\":\\\"切\\\",\\\"price\\\":\\\"30.00\\\",\\\"weight\\\":4},{\\\"medicine_id\\\":34,\\\"medicine\\\":\\\"大枣\\\",\\\"min_weight\\\":\\\"0\\\",\\\"max_weight\\\":\\\"0\\\",\\\"unit\\\":\\\"枚\\\",\\\"option\\\":\\\"擘\\\",\\\"price\\\":\\\"0.00\\\",\\\"weight\\\":3}]\",\"prescription_name\":\"桂枝汤1\",\"other_condition\":\"太阳中风，阳浮而阴弱。阳浮者，热自发，阴弱者，汗自出。啬啬（se）恶寒，淅淅(xi)恶风，翕翕(xi)发热，鼻鸣干呕者，桂枝汤主之。（太阳病、脉浮、头项强痛而恶寒。）\",\"eating_method\":\"上五昧，㕮咀三味，以水七升，微火煮取三升，去滓，适寒温，服一升。服已，须臾啜(chuo)热稀粥一升余，以助药力。温覆令一时许，遍身絷絷(zhi)，微似有汗者益佳，不可令如水淋漓，病必不除。\",\"ban\":\"脉紧、无汗、发热的不能用，发热而渴、不恶寒、自汗出为里热者不能用桂枝汤，酒客病酒的人不能用，、用之则呕吐，脉微而恶寒者、此表里俱虚不可用，桂枝汤证可是小便少、必须利小便。\",\"daiNumber\":0,\"price\":19},{\"id\":17,\"medicine\":\"[{\\\"medicine_id\\\":31,\\\"medicine\\\":\\\"桂枝\\\",\\\"min_weight\\\":\\\"100\\\",\\\"max_weight\\\":\\\"200\\\",\\\"unit\\\":\\\"公克\\\",\\\"option\\\":\\\"去皮\\\",\\\"price\\\":\\\"10.00\\\",\\\"weight\\\":2},{\\\"medicine_id\\\":74,\\\"medicine\\\":\\\"芍药\\\",\\\"min_weight\\\":\\\"0\\\",\\\"max_weight\\\":\\\"0\\\",\\\"unit\\\":\\\"公克\\\",\\\"option\\\":\\\"\\\",\\\"price\\\":\\\"0.00\\\",\\\"weight\\\":2},{\\\"medicine_id\\\":32,\\\"medicine\\\":\\\"甘草\\\",\\\"min_weight\\\":\\\"12\\\",\\\"max_weight\\\":\\\"36\\\",\\\"unit\\\":\\\"公克\\\",\\\"option\\\":\\\"炙\\\",\\\"price\\\":\\\"20.00\\\",\\\"weight\\\":2},{\\\"medicine_id\\\":33,\\\"medicine\\\":\\\"生姜\\\",\\\"min_weight\\\":\\\"0\\\",\\\"max_weight\\\":\\\"0\\\",\\\"unit\\\":\\\"公克\\\",\\\"option\\\":\\\"切\\\",\\\"price\\\":\\\"30.00\\\",\\\"weight\\\":2},{\\\"medicine_id\\\":34,\\\"medicine\\\":\\\"大枣\\\",\\\"min_weight\\\":\\\"0\\\",\\\"max_weight\\\":\\\"0\\\",\\\"unit\\\":\\\"枚\\\",\\\"option\\\":\\\"擘\\\",\\\"price\\\":\\\"0.00\\\",\\\"weight\\\":2}]\",\"prescription_name\":\"桂枝汤2\",\"other_condition\":\"太阳病，头痛，发热，汗出，恶风，桂枝汤主之。（太阳病、脉浮、头项强痛而恶寒。）\",\"eating_method\":\"上五昧，㕮咀三味，以水七升，微火煮取三升，去滓，适寒温，服一升。服已，须臾啜(chuo)热稀粥一升余，以助药力。温覆令一时许，遍身絷絷(zhi)，微似有汗者益佳，不可令如水淋漓，病必不除。\",\"ban\":\"胃虚、小便数、自汗出、心烦、微恶寒不可与桂枝汤，胃虚有停饮小便不利，伤寒、中风遇到小便频（数比如泌尿系统感染）、得桂枝汤四肢逆冷、要先治小便频数，再解表，\",\"daiNumber\":0,\"price\":12}]','2020-04-02 20:40:09','2020-04-02 20:40:09'),
(13,14,'[]','[\"17\"]','问诊单模板3','','1pxhFr','[\"发热\",\"汗出\",\"恶风\",\"鼻鸣干呕\",\"头项强痛\"]','[\"不呕\",\"下之后\",\"大烦渴不解\",\"心下满微痛\",\"吐逆\"]','[\"胸满\",\"小便不利\",\"小便难\",\"小便数\",\"心烦\"]','[\"脉缓\",\"脉浮缓\",\"脉促\",\"脉微缓\",\"脉微\"]',NULL,'[{\"id\":17,\"medicine\":\"[{\\\"medicine_id\\\":31,\\\"medicine\\\":\\\"桂枝\\\",\\\"min_weight\\\":\\\"100\\\",\\\"max_weight\\\":\\\"200\\\",\\\"unit\\\":\\\"公克\\\",\\\"option\\\":\\\"去皮\\\",\\\"price\\\":\\\"10.00\\\",\\\"weight\\\":3},{\\\"medicine_id\\\":74,\\\"medicine\\\":\\\"芍药\\\",\\\"min_weight\\\":\\\"0\\\",\\\"max_weight\\\":\\\"0\\\",\\\"unit\\\":\\\"公克\\\",\\\"option\\\":\\\"\\\",\\\"price\\\":\\\"0.00\\\",\\\"weight\\\":3},{\\\"medicine_id\\\":32,\\\"medicine\\\":\\\"甘草\\\",\\\"min_weight\\\":\\\"12\\\",\\\"max_weight\\\":\\\"36\\\",\\\"unit\\\":\\\"公克\\\",\\\"option\\\":\\\"炙\\\",\\\"price\\\":\\\"20.00\\\",\\\"weight\\\":3},{\\\"medicine_id\\\":33,\\\"medicine\\\":\\\"生姜\\\",\\\"min_weight\\\":\\\"0\\\",\\\"max_weight\\\":\\\"0\\\",\\\"unit\\\":\\\"公克\\\",\\\"option\\\":\\\"切\\\",\\\"price\\\":\\\"30.00\\\",\\\"weight\\\":3},{\\\"medicine_id\\\":34,\\\"medicine\\\":\\\"大枣\\\",\\\"min_weight\\\":\\\"0\\\",\\\"max_weight\\\":\\\"0\\\",\\\"unit\\\":\\\"枚\\\",\\\"option\\\":\\\"擘\\\",\\\"price\\\":\\\"0.00\\\",\\\"weight\\\":3}]\",\"prescription_name\":\"桂枝汤2\",\"other_condition\":\"太阳病，头痛，发热，汗出，恶风，桂枝汤主之。（太阳病、脉浮、头项强痛而恶寒。）\",\"eating_method\":\"上五昧，㕮咀三味，以水七升，微火煮取三升，去滓，适寒温，服一升。服已，须臾啜(chuo)热稀粥一升余，以助药力。温覆令一时许，遍身絷絷(zhi)，微似有汗者益佳，不可令如水淋漓，病必不除。\",\"ban\":\"胃虚、小便数、自汗出、心烦、微恶寒不可与桂枝汤，胃虚有停饮小便不利，伤寒、中风遇到小便频（数比如泌尿系统感染）、得桂枝汤四肢逆冷、要先治小便频数，再解表，\",\"daiNumber\":\"3\",\"price\":18}]','2020-04-02 21:23:04','2020-04-02 21:23:04'),
(14,18,'[]','[\"16\"]','ganmao','','tp05Eo','[\"发热\",\"汗出\",\"恶风\",\"鼻鸣干呕\",\"头项强痛\"]','[\"不呕\",\"下之后\",\"大烦渴不解\",\"心下满微痛\",\"吐逆\"]','[\"胸满\",\"小便不利\",\"小便难\",\"小便数\",\"心烦\"]','[\"脉缓\",\"脉浮缓\",\"脉促\",\"脉微缓\",\"脉微\"]',NULL,'[{\"id\":16,\"medicine\":\"[{\\\"medicine_id\\\":31,\\\"medicine\\\":\\\"桂枝\\\",\\\"min_weight\\\":\\\"100\\\",\\\"max_weight\\\":\\\"200\\\",\\\"unit\\\":\\\"公克\\\",\\\"option\\\":\\\"去皮\\\",\\\"price\\\":\\\"10.00\\\",\\\"weight\\\":20},{\\\"medicine_id\\\":74,\\\"medicine\\\":\\\"芍药\\\",\\\"min_weight\\\":\\\"0\\\",\\\"max_weight\\\":\\\"0\\\",\\\"unit\\\":\\\"公克\\\",\\\"option\\\":\\\"\\\",\\\"price\\\":\\\"13.00\\\",\\\"weight\\\":20},{\\\"medicine_id\\\":32,\\\"medicine\\\":\\\"甘草\\\",\\\"min_weight\\\":\\\"12\\\",\\\"max_weight\\\":\\\"36\\\",\\\"unit\\\":\\\"公克\\\",\\\"option\\\":\\\"炙\\\",\\\"price\\\":\\\"20.00\\\",\\\"weight\\\":20},{\\\"medicine_id\\\":33,\\\"medicine\\\":\\\"生姜\\\",\\\"min_weight\\\":\\\"0\\\",\\\"max_weight\\\":\\\"0\\\",\\\"unit\\\":\\\"公克\\\",\\\"option\\\":\\\"切\\\",\\\"price\\\":\\\"30.00\\\",\\\"weight\\\":20},{\\\"medicine_id\\\":34,\\\"medicine\\\":\\\"大枣\\\",\\\"min_weight\\\":\\\"0\\\",\\\"max_weight\\\":\\\"0\\\",\\\"unit\\\":\\\"枚\\\",\\\"option\\\":\\\"擘\\\",\\\"price\\\":\\\"0.00\\\",\\\"weight\\\":20}]\",\"prescription_name\":\"桂枝汤1\",\"other_condition\":\"太阳中风，阳浮而阴弱。阳浮者，热自发，阴弱者，汗自出。啬啬（se）恶寒，淅淅(xi)恶风，翕翕(xi)发热，鼻鸣干呕者，桂枝汤主之。（太阳病、脉浮、头项强痛而恶寒。）\",\"eating_method\":\"上五昧，㕮咀三味，以水七升，微火煮取三升，去滓，适寒温，服一升。服已，须臾啜(chuo)热稀粥一升余，以助药力。温覆令一时许，遍身絷絷(zhi)，微似有汗者益佳，不可令如水淋漓，病必不除。\",\"ban\":\"脉紧、无汗、发热的不能用，发热而渴、不恶寒、自汗出为里热者不能用桂枝汤，酒客病酒的人不能用，、用之则呕吐，脉微而恶寒者、此表里俱虚不可用，桂枝汤证可是小便少、必须利小便。\",\"daiNumber\":\"5\",\"price\":146}]','2020-04-08 14:59:51','2020-04-08 14:59:51'),
(15,18,'[]','[\"39\"]','281296','','FIo4ui','[\"发热\",\"汗出\",\"恶风\",\"鼻鸣干呕\",\"头项强痛\"]','[\"不呕\",\"下之后\",\"大烦渴不解\",\"心下满微痛\",\"吐逆\"]','[\"胸满\",\"小便不利\",\"小便难\",\"小便数\",\"心烦\"]','[\"脉缓\",\"脉浮缓\",\"脉促\",\"脉微缓\",\"脉微\"]',NULL,'[{\"id\":39,\"medicine\":\"[{\\\"medicine_id\\\":31,\\\"medicine\\\":\\\"桂枝\\\",\\\"min_weight\\\":\\\"100\\\",\\\"max_weight\\\":\\\"200\\\",\\\"unit\\\":\\\"公克\\\",\\\"option\\\":\\\"去皮\\\",\\\"price\\\":\\\"10.00\\\",\\\"weight\\\":300},{\\\"medicine_id\\\":32,\\\"medicine\\\":\\\"甘草\\\",\\\"min_weight\\\":\\\"12\\\",\\\"max_weight\\\":\\\"36\\\",\\\"unit\\\":\\\"公克\\\",\\\"option\\\":\\\"炙\\\",\\\"price\\\":\\\"20.00\\\",\\\"weight\\\":40},{\\\"medicine_id\\\":34,\\\"medicine\\\":\\\"大枣\\\",\\\"min_weight\\\":\\\"0\\\",\\\"max_weight\\\":\\\"0\\\",\\\"unit\\\":\\\"枚\\\",\\\"option\\\":\\\"擘\\\",\\\"price\\\":\\\"0.00\\\",\\\"weight\\\":300}]\",\"prescription_name\":\"茯苓桂枝甘草大枣汤\",\"other_condition\":\"发汗后，其人脐下悸者，欲作奔豚，茯苓桂枝甘草大枣汤主之。\",\"eating_method\":\"上四味，以甘澜水一斗，先煮茯苓，减二升，内诸药，煮取三升，去滓，温服一升，日三服。作甘澜水法：取水二斗，置大盆内，以杓扬之，水上有珠子五六千颗相逐．取用之。\",\"ban\":null,\"daiNumber\":0,\"price\":380}]','2020-05-22 08:47:59','2020-05-22 08:47:59');

/*Table structure for table `recipe_parts` */

DROP TABLE IF EXISTS `recipe_parts`;

CREATE TABLE `recipe_parts` (
  `id` bigint(20) unsigned NOT NULL AUTO_INCREMENT,
  `name` varchar(255) NOT NULL,
  `created_at` timestamp NULL DEFAULT NULL,
  `updated_at` timestamp NULL DEFAULT NULL,
  PRIMARY KEY (`id`)
) ENGINE=InnoDB DEFAULT CHARSET=utf8;

/*Data for the table `recipe_parts` */

/*Table structure for table `recipes` */

DROP TABLE IF EXISTS `recipes`;

CREATE TABLE `recipes` (
  `id` bigint(20) unsigned NOT NULL AUTO_INCREMENT,
  `disease_name` varchar(255) NOT NULL,
  `department_id` int(11) NOT NULL,
  `condition` text NOT NULL,
  `other_condition` text,
  `medicine` text NOT NULL,
  `prescription_name` varchar(255) NOT NULL,
  `eating_method` text,
  `ban` text,
  `flag` varchar(16) DEFAULT 'NORMAL',
  `created_at` timestamp NULL DEFAULT NULL,
  `updated_at` timestamp NULL DEFAULT NULL,
  PRIMARY KEY (`id`)
) ENGINE=InnoDB AUTO_INCREMENT=121 DEFAULT CHARSET=utf8;

/*Data for the table `recipes` */

insert  into `recipes`(`id`,`disease_name`,`department_id`,`condition`,`other_condition`,`medicine`,`prescription_name`,`eating_method`,`ban`,`flag`,`created_at`,`updated_at`) values 
(15,'',0,'','太阳病，外证未解，脉浮弱者，当以汗解，宜桂枝汤。','[{\"medicine_id\":31,\"medicine\":\"\\u6842\\u679d\",\"min_weight\":\"150\",\"max_weight\":\"150\",\"unit\":null,\"option\":\"\\u53bb\\u76ae\",\"price\":\"10.00\"},{\"medicine_id\":32,\"medicine\":\"\\u7518\\u8349\",\"min_weight\":\"100\",\"max_weight\":\"100\",\"unit\":\"\\u516c\\u514b\",\"option\":\"\\u7099\",\"price\":\"20.00\"},{\"medicine_id\":33,\"medicine\":\"\\u751f\\u59dc\",\"min_weight\":\"150\",\"max_weight\":\"150\",\"unit\":\"\\u516c\\u514b\",\"option\":\"\\u5207\",\"price\":\"30.00\"},{\"medicine_id\":34,\"medicine\":\"\\u5927\\u67a3\",\"min_weight\":\"12\",\"max_weight\":\"12\",\"unit\":\"\\u679a\",\"option\":\"\\u64d8\",\"price\":\"0.00\"}]','桂枝汤','上五味，以水七升，煮取三升，去滓，温服一升。须臾啜热稀粥一升，助药力，取微汗。','脉紧、无汗、发热的不能用，发热而渴、不恶寒、自汗出为里热者不能用桂枝汤，酒客病酒的人不能用，、用之则呕吐，脉微而恶寒者、此表里俱虚不可用，桂枝汤证可是小便少、必须利小便。','NORMAL','2020-03-04 10:43:32','2020-05-08 16:14:22'),
(16,'',0,'','太阳中风，阳浮而阴弱。阳浮者，热自发，阴弱者，汗自出。啬啬（se）恶寒，淅淅(xi)恶风，翕翕(xi)发热，鼻鸣干呕者，桂枝汤主之。（太阳病、脉浮、头项强痛而恶寒。）','[{\"medicine_id\":31,\"medicine\":\"\\u6842\\u679d\",\"min_weight\":150,\"max_weight\":150,\"unit\":\"\\u516c\\u514b\",\"option\":\"\\u53bb\\u76ae\",\"price\":\"10.00\"},{\"medicine_id\":74,\"medicine\":\"\\u828d\\u836f\",\"min_weight\":150,\"max_weight\":150,\"unit\":\"\\u516c\\u514b\",\"option\":\"\",\"price\":\"13.00\"},{\"medicine_id\":32,\"medicine\":\"\\u7518\\u8349\",\"min_weight\":100,\"max_weight\":100,\"unit\":\"\\u516c\\u514b\",\"option\":\"\\u7099\",\"price\":\"20.00\"},{\"medicine_id\":33,\"medicine\":\"\\u751f\\u59dc\",\"min_weight\":150,\"max_weight\":150,\"unit\":\"\\u516c\\u514b\",\"option\":\"\\u5207\",\"price\":\"30.00\"},{\"medicine_id\":34,\"medicine\":\"\\u5927\\u67a3\",\"min_weight\":12,\"max_weight\":12,\"unit\":\"\\u679a\",\"option\":\"\\u64d8\",\"price\":\"0.00\"}]','桂枝汤1','上五昧，㕮咀三味，以水七升，微火煮取三升，去滓，适寒温，服一升。服已，须臾啜(chuo)热稀粥一升余，以助药力。温覆令一时许，遍身絷絷(zhi)，微似有汗者益佳，不可令如水淋漓，病必不除。','脉紧、无汗、发热的不能用，发热而渴、不恶寒、自汗出为里热者不能用桂枝汤，酒客病酒的人不能用，、用之则呕吐，脉微而恶寒者、此表里俱虚不可用，桂枝汤证可是小便少、必须利小便。','NORMAL','2020-03-04 10:44:17','2020-05-22 09:56:32'),
(17,'',0,'','太阳病，头痛，发热，汗出，恶风，桂枝汤主之。（太阳病、脉浮、头项强痛而恶寒。）','[{\"medicine_id\":31,\"medicine\":\"\\u6842\\u679d\",\"min_weight\":50,\"max_weight\":50,\"unit\":\"\\u516c\\u514b\",\"option\":\"\\u53bb\\u76ae\",\"price\":\"10.00\"},{\"medicine_id\":74,\"medicine\":\"\\u828d\\u836f\",\"min_weight\":50,\"max_weight\":50,\"unit\":\"\\u516c\\u514b\",\"option\":\"\",\"price\":\"13.00\"},{\"medicine_id\":32,\"medicine\":\"\\u7518\\u8349\",\"min_weight\":100,\"max_weight\":100,\"unit\":\"\\u516c\\u514b\",\"option\":\"\\u7099\",\"price\":\"20.00\"},{\"medicine_id\":33,\"medicine\":\"\\u751f\\u59dc\",\"min_weight\":30,\"max_weight\":30,\"unit\":\"\\u516c\\u514b\",\"option\":\"\\u5207\",\"price\":\"30.00\"},{\"medicine_id\":34,\"medicine\":\"\\u5927\\u67a3\",\"min_weight\":12,\"max_weight\":12,\"unit\":\"\\u679a\",\"option\":\"\\u64d8\",\"price\":\"0.00\"}]','桂枝汤2','上五昧，㕮咀三味，以水七升，微火煮取三升，去滓，适寒温，服一升。服已，须臾啜(chuo)热稀粥一升余，以助药力。温覆令一时许，遍身絷絷(zhi)，微似有汗者益佳，不可令如水淋漓，病必不除。','胃虚、小便数、自汗出、心烦、微恶寒不可与桂枝汤，胃虚有停饮小便不利，伤寒、中风遇到小便频（数比如泌尿系统感染）、得桂枝汤四肢逆冷、要先治小便频数，再解表，','NORMAL','2020-03-04 10:44:17','2020-05-22 09:56:32'),
(18,'',0,'','太阳病，项背强几几，反汗出恶风者，桂枝加葛根汤主之。','[{\"medicine_id\":32,\"medicine\":\"\\u7518\\u8349\",\"min_weight\":100,\"max_weight\":100,\"unit\":\"\\u516c\\u514b\",\"option\":\"\\u7099\",\"price\":\"20.00\"},{\"medicine_id\":33,\"medicine\":\"\\u751f\\u59dc\",\"min_weight\":150,\"max_weight\":150,\"unit\":\"\\u516c\\u514b\",\"option\":\"\\u5207\",\"price\":\"30.00\"},{\"medicine_id\":34,\"medicine\":\"\\u5927\\u67a3\",\"min_weight\":12,\"max_weight\":12,\"unit\":\"\\u679a\",\"option\":\"\\u64d8\",\"price\":\"0.00\"},{\"medicine_id\":31,\"medicine\":\"\\u6842\\u679d\",\"min_weight\":150,\"max_weight\":150,\"unit\":\"\\u516c\\u514b\",\"option\":\"\\u53bb\\u76ae\",\"price\":\"10.00\"}]','桂枝加葛根汤','上七味，以水一斗，先煮葛根，减二升，去上沫，内诸药，煮取三升，去滓。温服一升，覆取微似汗，不须啜粥，余如桂枝法将息及禁忌。',NULL,'NORMAL','2020-03-04 11:11:43','2020-03-04 11:11:43'),
(19,'',0,'',' 太阳病，发汗，遂漏不止，其人恶风，小便难，四肢微急，难以屈伸者，桂枝加附子汤主之。','[{\"medicine_id\":31,\"medicine\":\"\\u6842\\u679d\",\"min_weight\":150,\"max_weight\":150,\"unit\":\"\\u516c\\u514b\",\"option\":\"\\u53bb\\u76ae\",\"price\":\"10.00\"},{\"medicine_id\":32,\"medicine\":\"\\u7518\\u8349\",\"min_weight\":150,\"max_weight\":150,\"unit\":\"\\u516c\\u514b\",\"option\":\"\\u7099\",\"price\":\"20.00\"},{\"medicine_id\":33,\"medicine\":\"\\u751f\\u59dc\",\"min_weight\":150,\"max_weight\":150,\"unit\":\"\\u516c\\u514b\",\"option\":\"\\u5207\",\"price\":\"30.00\"},{\"medicine_id\":34,\"medicine\":\"\\u5927\\u67a3\",\"min_weight\":12,\"max_weight\":12,\"unit\":\"\\u679a\",\"option\":\"\\u64d8\",\"price\":\"0.00\"},{\"medicine_id\":36,\"medicine\":\"\\u9644\\u5b50\",\"min_weight\":1,\"max_weight\":1,\"unit\":\"\\u679a\",\"option\":\"\\u70ae\\uff0c\\u53bb\\u76ae\\uff0c\\u7834\\u516b\\u7247\",\"price\":\"0.00\"}]','桂枝加附子汤','桂枝三两（去皮）  芍药三两  甘草三两（炙）  生姜三两（切）  大枣十二枚（擘）  附子一枚（炮，去皮，破八片）',NULL,'NORMAL','2020-03-04 11:11:43','2020-03-04 11:18:01'),
(20,'',0,'','太阳病，下之后，脉促胸满者，桂枝去芍药汤主之。若微寒者，桂枝去芍药加附子汤主之。','[{\"medicine_id\":31,\"medicine\":\"\\u6842\\u679d\",\"min_weight\":150,\"max_weight\":150,\"unit\":\"\\u516c\\u514b\",\"option\":\"\\u53bb\\u76ae\",\"price\":\"10.00\"},{\"medicine_id\":32,\"medicine\":\"\\u7518\\u8349\",\"min_weight\":100,\"max_weight\":100,\"unit\":\"\\u516c\\u514b\",\"option\":\"\\u7099\",\"price\":\"20.00\"},{\"medicine_id\":33,\"medicine\":\"\\u751f\\u59dc\",\"min_weight\":150,\"max_weight\":150,\"unit\":\"\\u516c\\u514b\",\"option\":\"\\u5207\",\"price\":\"30.00\"},{\"medicine_id\":34,\"medicine\":\"\\u5927\\u67a3\",\"min_weight\":12,\"max_weight\":12,\"unit\":\"\\u679a\",\"option\":\"\\u64d8\",\"price\":\"0.00\"}]','桂枝去芍药汤，桂枝去芍药加附子','上四味，以水七升，煮取三升，去滓，温服一升。本云，桂枝汤今去芍药。将息如前法。',NULL,'NORMAL','2020-03-04 11:11:43','2020-03-04 11:11:43'),
(21,'',0,'','太阳病得之八九日，如虐状，发热恶寒，热多寒少，其人不呕，清便欲自可，一日二三度发，脉微缓者，为欲愈也。脉微而恶寒者，此阴阳俱虚，不可发汗，更下，更吐也。面色反有热色者，未欲解也，以其不能得小汗出，身必痒，宜桂枝麻黄各半汤。','[{\"medicine_id\":31,\"medicine\":\"\\u6842\\u679d\",\"min_weight\":1,\"max_weight\":1,\"unit\":\"\\u4e24\\u5341\\u516d\\u94e2\",\"option\":\"\\u53bb\\u76ae\",\"price\":\"10.00\"},{\"medicine_id\":34,\"medicine\":\"\\u5927\\u67a3\",\"min_weight\":4,\"max_weight\":4,\"unit\":\"\\u679a\",\"option\":\"\\u64d8\",\"price\":\"0.00\"},{\"medicine_id\":37,\"medicine\":\"\\u674f\\u4ec1\",\"min_weight\":24,\"max_weight\":24,\"unit\":\"\\u679a\",\"option\":\"\\u6c64\\u6d78\\uff0c\\u53bb\\u76ae\\u5c16\\u53ca\\u4e24\\u4ec1\\u8005\",\"price\":\"5.00\"}]','桂枝麻黄各半汤','上七味，以水五升，先煮麻黄一二沸，去上沫，内诸药，煮取一升八合，去滓，温服六合。本云，桂枝汤三合，麻黄汤三合，并为六合，顿服。',NULL,'NORMAL','2020-03-04 11:18:01','2020-05-22 10:34:12'),
(22,'',0,'','服桂枝汤，大汗出，脉浮者，与桂枝汤，如前法。若形似疟，一日再发者，汗出必解，宜桂枝二麻黄一汤。','[{\"medicine_id\":31,\"medicine\":\"\\u6842\\u679d\",\"min_weight\":1,\"max_weight\":1,\"unit\":\"\\u4e24\\u5341\\u4e03\\u94e2\",\"option\":\"\\u53bb\\u76ae\",\"price\":\"10.00\"},{\"medicine_id\":38,\"medicine\":\"\\u9ebb\\u9ec4\",\"min_weight\":16,\"max_weight\":16,\"unit\":\"\\u94e2\",\"option\":\"\\u53bb\\u8282\",\"price\":\"4.00\"},{\"medicine_id\":33,\"medicine\":\"\\u751f\\u59dc\",\"min_weight\":1,\"max_weight\":1,\"unit\":\"\\u4e24\\u516d\\u94e2\",\"option\":\"\\u5207\",\"price\":\"30.00\"},{\"medicine_id\":37,\"medicine\":\"\\u674f\\u4ec1\",\"min_weight\":16,\"max_weight\":16,\"unit\":\"\\u4e2a\",\"option\":\"\\u53bb\\u76ae\\u5c16\",\"price\":\"5.00\"},{\"medicine_id\":32,\"medicine\":\"\\u7518\\u8349\",\"min_weight\":1,\"max_weight\":1,\"unit\":\"\\u4e24\\u4e8c\\u94e2\",\"option\":\"\\u7099\",\"price\":\"20.00\"},{\"medicine_id\":34,\"medicine\":\"\\u5927\\u67a3\",\"min_weight\":5,\"max_weight\":5,\"unit\":\"\\u679a\",\"option\":\"\\u64d8\",\"price\":\"0.00\"}]','桂枝二麻黄一汤','上七味，以水五升，先煮麻黄一二沸，去上沫，内诸药，煮取二升，去滓，温服一升，日再服。本云，桂枝汤二分，麻黄汤一分，合为二升，分再服。今合为一方，将息如前法。',NULL,'NORMAL','2020-03-04 11:18:01','2020-05-22 10:34:12'),
(23,'',0,'','伤寒若吐若下后，七八日不解，热结在里，表里俱热，时时恶风，大渴，舌上干燥而烦，欲饮水数升者。白虎加人参汤主之。                   伤寒无大热，口燥渴，心烦，背微恶寒者，白虎加人参汤主之。         伤寒脉浮，发热无汗，其表不解，不可与白虎汤。渴欲饮水，无表证者，白虎加人参汤主之。\n','[{\"medicine_id\":39,\"medicine\":\"\\u77f3\\u818f\",\"min_weight\":1,\"max_weight\":1,\"unit\":\"\\u65a4\",\"option\":\"\\u788e\",\"price\":\"8\"},{\"medicine_id\":32,\"medicine\":\"\\u7518\\u8349\",\"min_weight\":100,\"max_weight\":100,\"unit\":\"\\u516c\\u514b\",\"option\":\"\\u7099\",\"price\":\"20.00\"}]','白虎加人参汤','上五味，以水一斗，煮米熟，汤成去滓，温服一升，日三服。','有表证不能用白虎汤，得先解表。解表清里热一起用也行。表药里加石膏是可以的，有石膏证你可以加入。比方用葛根汤加石膏，或者是我们刚才讲的麻杏石甘汤、越婢汤。像大青龙汤，是不汗出而烦躁者，在解表药里加石膏，如果不用解表药只是用白虎汤是不行的。','NORMAL','2020-03-04 11:18:01','2020-05-30 10:14:35'),
(24,'',0,'','太阳病，发热恶寒，热多寒少。脉微弱者，此无阳也，不可发汗，宜桂枝二越婢一汤。','[{\"medicine_id\":40,\"medicine\":\"\\u7518\\u8349\\u5404\",\"min_weight\":18,\"max_weight\":18,\"unit\":\"\\u94e2\",\"option\":\"\\u7099\",\"price\":\"0.00\"},{\"medicine_id\":34,\"medicine\":\"\\u5927\\u67a3\",\"min_weight\":4,\"max_weight\":4,\"unit\":\"\\u679a\\u751f\\u59dc\\u4e00\\u4e24\\u4e8c\\u94e2\",\"option\":\"\\u64d8\",\"price\":\"0.00\"},{\"medicine_id\":39,\"medicine\":\"\\u77f3\\u818f\",\"min_weight\":24,\"max_weight\":24,\"unit\":\"\\u94e2\",\"option\":\"\\u788e\\uff0c\\u7ef5\\u88f9\",\"price\":\"8\"}]','桂枝二越婢一汤','上七味，以水五升，煮麻黄一二沸，去上沫，内诸药，煮取二升，去滓，温服一升。本云，当裁为越婢汤桂枝汤，',NULL,'NORMAL','2020-03-04 11:18:01','2020-05-30 10:14:35'),
(25,'',0,'','服桂枝汤，或下之，仍头项强痛，翕翕发热，无汗，心下满，微痛，小便不利者，桂枝去芍药加茯苓白术汤主之。','[{\"medicine_id\":32,\"medicine\":\"\\u7518\\u8349\",\"min_weight\":100,\"max_weight\":100,\"unit\":\"\\u516c\\u514b\",\"option\":\"\\u7099\",\"price\":\"20.00\"},{\"medicine_id\":34,\"medicine\":\"\\u5927\\u67a3\",\"min_weight\":12,\"max_weight\":12,\"unit\":\"\\u679a\",\"option\":\"\\u64d8\",\"price\":\"0.00\"}]','桂枝去芍药加茯苓白术汤','上六味，以水八升，煮取三升，去滓，温服一升，小便利则愈。',NULL,'NORMAL','2020-03-04 11:18:01','2020-03-04 11:18:01'),
(26,'',0,'','伤寒脉浮，自汗出，小便数，心烦，微恶寒，脚挛急，反与桂枝（汤），欲攻其表，此误也。\n得之便厥，咽中干，烦躁，吐逆者，作甘草干姜汤与之，以复其阳。\n若厥愈足温者，更作芍药甘草汤与之，其脚即伸。\n若胃气不和谵语者，少与调胃承气汤。\n\n','[{\"medicine_id\":40,\"medicine\":\"\\u7518\\u8349\\u5404\",\"min_weight\":200,\"max_weight\":200,\"unit\":\"\\u516c\\u514b\",\"option\":\"\\u7099\",\"price\":\"0.00\"},{\"medicine_id\":41,\"medicine\":\"\\u5927\\u9ec4\",\"min_weight\":200,\"max_weight\":200,\"unit\":\"\\u4e24\",\"option\":\"\\u53bb\\u76ae\\uff0c\\u6e05\\u9152\\u6d17\",\"price\":\"4.00\"},{\"medicine_id\":32,\"medicine\":\"\\u7518\\u8349\",\"min_weight\":100,\"max_weight\":100,\"unit\":\"\\u516c\\u514b\",\"option\":\"\\u7099\",\"price\":\"20.00\"}]','芍药甘草汤、调胃承气汤','\n\n白芍药  甘草（炙）各四两\n上二味，以水三升，煮取一升五合，去滓，分温再服。\n\n大黄四两（去皮，清酒洗）  甘草二两（炙）  芒硝半升\n上三味，以水三升，煮取一升，去滓，内芒硝，更上火\n',NULL,'NORMAL','2020-03-04 11:18:01','2020-05-22 10:31:33'),
(27,'',0,'','伤寒脉浮，自汗出，小便数，心烦，微恶寒，脚挛急，反与桂枝（汤），欲攻其表，此误也。\n得之便厥，咽中干，烦躁，吐逆者，作甘草干姜汤与之，以复其阳。若重发汗，复加烧针者，四逆汤主之。','[{\"medicine_id\":32,\"medicine\":\"\\u7518\\u8349\",\"min_weight\":200,\"max_weight\":200,\"unit\":\"\\u516c\\u514b\",\"option\":\"\\u7099\",\"price\":\"20.00\"},{\"medicine_id\":32,\"medicine\":\"\\u7518\\u8349\",\"min_weight\":100,\"max_weight\":100,\"unit\":\"\\u516c\\u514b\",\"option\":\"\\u7099\",\"price\":\"20.00\"},{\"medicine_id\":36,\"medicine\":\"\\u9644\\u5b50\",\"min_weight\":1,\"max_weight\":1,\"unit\":\"\\u679a\",\"option\":\"\\u751f\\u7528\\uff0c\\u53bb\\u76ae\\uff0c\\u7834\\u516b\\u7247\",\"price\":\"0.00\"}]','甘草干姜汤、四逆汤','四逆汤\n    甘草二两（炙）  干姜一两半  附子一枚（生用，去皮，破八片）\n    上三昧，以水三升，煮取一升二合，去滓，分温再服。强人可大附子一枚，干姜三两。\n甘草干姜汤\n甘草四两（炙）  干姜二两\n上二味，以水三升，煮取一升五合，去滓，分温再服。\n',NULL,'NORMAL','2020-03-04 11:18:01','2020-03-04 11:18:01'),
(28,'',0,'','太阳与阳明合病者，必自下利，葛根汤主之。如果太阳阳明合病而下利者，可以用葛根汤。','[{\"medicine_id\":38,\"medicine\":\"\\u9ebb\\u9ec4\",\"min_weight\":150,\"max_weight\":150,\"unit\":\"\\u516c\\u514b\",\"option\":\"\\u53bb\\u8282\",\"price\":\"4.00\"},{\"medicine_id\":31,\"medicine\":\"\\u6842\\u679d\",\"min_weight\":100,\"max_weight\":100,\"unit\":\"\\u516c\\u514b\",\"option\":\"\\u53bb\\u76ae\",\"price\":\"10.00\"},{\"medicine_id\":33,\"medicine\":\"\\u751f\\u59dc\",\"min_weight\":3,\"max_weight\":3,\"unit\":\"\\u4e24\\u7518\\u8349\\u4e8c\\u4e24\",\"option\":\"\\u5207\",\"price\":\"30.00\"},{\"medicine_id\":34,\"medicine\":\"\\u5927\\u67a3\",\"min_weight\":12,\"max_weight\":12,\"unit\":\"\\u679a\",\"option\":\"\\u64d8\",\"price\":\"0.00\"}]','葛根汤','上七味，以水一斗，先煮麻黄、葛根，减二升，去白沫，内诸药，煮取三升，去滓，温服一升，覆取微似汗，余如桂枝法将息及禁忌。诸汤皆仿此。',NULL,'NORMAL','2020-03-04 11:18:01','2020-05-22 09:49:39'),
(29,'',0,'',' 太阳与阳明合病，不下利但呕者，葛根加半夏汤主之。','[{\"medicine_id\":38,\"medicine\":\"\\u9ebb\\u9ec4\",\"min_weight\":150,\"max_weight\":150,\"unit\":\"\\u516c\\u514b\",\"option\":\"\\u53bb\\u8282\",\"price\":\"4.00\"},{\"medicine_id\":32,\"medicine\":\"\\u7518\\u8349\",\"min_weight\":100,\"max_weight\":100,\"unit\":\"\\u516c\\u514b\",\"option\":\"\\u7099\",\"price\":\"20.00\"},{\"medicine_id\":31,\"medicine\":\"\\u6842\\u679d\",\"min_weight\":100,\"max_weight\":100,\"unit\":\"\\u516c\\u514b\",\"option\":\"\\u53bb\\u76ae\",\"price\":\"10.00\"},{\"medicine_id\":33,\"medicine\":\"\\u751f\\u59dc\",\"min_weight\":100,\"max_weight\":100,\"unit\":\"\\u516c\\u514b\",\"option\":\"\\u5207\",\"price\":\"30.00\"},{\"medicine_id\":34,\"medicine\":\"\\u5927\\u67a3\",\"min_weight\":12,\"max_weight\":12,\"unit\":\"\\u679a\",\"option\":\"\\u64d8\",\"price\":\"0.00\"}]','葛根加半夏汤','上八味，以水一斗，先煮葛根、麻黄，减二升，去白沫，内诸药，煮取三升，去滓，温服一升。覆取微似汗。',NULL,'NORMAL','2020-03-04 11:18:01','2020-05-22 09:49:39'),
(30,'',0,'','太阳病，桂枝证，医反下之，利遂不止，脉促者，表未解也，喘而汗出者，葛根黄芩黄连汤主之。','[{\"medicine_id\":32,\"medicine\":\"\\u7518\\u8349\",\"min_weight\":100,\"max_weight\":100,\"unit\":\"\\u516c\\u514b\",\"option\":\"\\u7099\",\"price\":\"20.00\"}]','葛根黄芩黄连汤','上四味，以水八升，先煮葛根，减二升，内诸药，煮取二升，去滓，分温再服。',NULL,'NORMAL','2020-03-04 11:18:01','2020-03-04 11:18:01'),
(31,'',0,'','太阳与阳明合病，喘而胸满者，不可下，宜麻黄汤。','[{\"medicine_id\":31,\"medicine\":\"\\u6842\\u679d\",\"min_weight\":100,\"max_weight\":100,\"unit\":\"\\u516c\\u514b\",\"option\":\"\\u53bb\\u76ae\",\"price\":\"10.00\"},{\"medicine_id\":32,\"medicine\":\"\\u7518\\u8349\",\"min_weight\":50,\"max_weight\":50,\"unit\":\"\\u516c\\u514b\",\"option\":\"\\u7099\",\"price\":\"20.00\"}]','麻黄汤','上四味，以水九升，先煮麻黄，减二升，去上沫，内诸药，煮取二升半，去滓，温服八合。覆取微似汗，不须啜粥，余如桂枝法将息。',NULL,'NORMAL','2020-03-04 11:18:01','2020-03-04 11:18:01'),
(32,'',0,'','伤寒四五日，身热恶风，颈项强，胁下满．手足温而渴者，小柴胡汤主之。                              呕而发热者，小柴胡汤主之。','[{\"medicine_id\":42,\"medicine\":\"\\u7518\\u8349\\u751f\\u59dc\\u5404\",\"min_weight\":150,\"max_weight\":150,\"unit\":\"\\u516c\\u514b\",\"option\":\"\\u7099\",\"price\":\"5.00\"}]','小柴胡汤','上七味，以水一斗二升，煮取六升，去滓，再煎取三升，温服一升，日三服。',NULL,'NORMAL','2020-03-04 11:18:01','2020-05-22 10:26:48'),
(33,'',0,'','伤寒脉浮缓，身不疼，但重，乍有轻时，无少阴证者，大青龙汤发之。','[{\"medicine_id\":38,\"medicine\":\"\\u9ebb\\u9ec4\",\"min_weight\":300,\"max_weight\":300,\"unit\":\"\\u516c\\u514b\",\"option\":\"\\u53bb\\u8282\",\"price\":\"4.00\"},{\"medicine_id\":31,\"medicine\":\"\\u6842\\u679d\",\"min_weight\":100,\"max_weight\":100,\"unit\":\"\\u516c\\u514b\",\"option\":\"\\u53bb\\u76ae\",\"price\":\"10.00\"},{\"medicine_id\":32,\"medicine\":\"\\u7518\\u8349\",\"min_weight\":100,\"max_weight\":100,\"unit\":\"\\u516c\\u514b\",\"option\":\"\\u7099\",\"price\":\"20.00\"},{\"medicine_id\":37,\"medicine\":\"\\u674f\\u4ec1\",\"min_weight\":40,\"max_weight\":40,\"unit\":\"\\u679a\",\"option\":\"\\u53bb\\u76ae\\u5c16\",\"price\":\"5.00\"},{\"medicine_id\":33,\"medicine\":\"\\u751f\\u59dc\",\"min_weight\":150,\"max_weight\":150,\"unit\":\"\\u516c\\u514b\",\"option\":\"\\u5207\",\"price\":\"30.00\"},{\"medicine_id\":34,\"medicine\":\"\\u5927\\u67a3\",\"min_weight\":10,\"max_weight\":10,\"unit\":\"\\u679a\",\"option\":\"\\u64d8\",\"price\":\"0.00\"}]','大青龙汤','上七味，以水九升，先煮麻黄，减二升，去上沫，内诸药，煮取三升，去滓，温服一升，取微似汗。汗出多者，温粉粉之。一服汗者，停后服。若复服，汗多亡阳遂虚，恶风烦躁，不得眠也。',NULL,'NORMAL','2020-03-04 11:18:01','2020-05-22 10:34:12'),
(34,'',0,'','伤寒心下有水气，咳而微喘，发热不渴。服汤已渴者，此寒去欲解也。小青龙汤主之。','[{\"medicine_id\":43,\"medicine\":\"\\u6842\\u679d\\u5404\",\"min_weight\":150,\"max_weight\":150,\"unit\":\"\\u516c\\u514b\",\"option\":\"\\u53bb\\u76ae\",\"price\":\"6.00\"}]','小青龙汤','上八味，以水一斗，先煮麻黄，减二升，去上沫，内诸药，煮取三升，去滓，温服一升。',NULL,'NORMAL','2020-03-04 11:18:01','2020-05-22 10:36:13'),
(35,'',0,'','太阳病，下之微喘者，表未解故也，桂枝加厚朴杏子汤主之。','[{\"medicine_id\":31,\"medicine\":\"\\u6842\\u679d\",\"min_weight\":150,\"max_weight\":150,\"unit\":\"\\u516c\\u514b\",\"option\":\"\\u53bb\\u76ae\",\"price\":\"10.00\"},{\"medicine_id\":32,\"medicine\":\"\\u7518\\u8349\",\"min_weight\":100,\"max_weight\":100,\"unit\":\"\\u516c\\u514b\",\"option\":\"\\u7099\",\"price\":\"20.00\"},{\"medicine_id\":33,\"medicine\":\"\\u751f\\u59dc\",\"min_weight\":150,\"max_weight\":150,\"unit\":\"\\u516c\\u514b\",\"option\":\"\\u5207\",\"price\":\"30.00\"},{\"medicine_id\":44,\"medicine\":\"\\u5927\\u67a3+\",\"min_weight\":2,\"max_weight\":2,\"unit\":\"\\u679a\",\"option\":\"\\u64d8\",\"price\":\"0.00\"},{\"medicine_id\":45,\"medicine\":\"\\u539a\\u6734\",\"min_weight\":100,\"max_weight\":100,\"unit\":\"\\u4e24\",\"option\":\"\\u7099\\uff0c\\u53bb\\u76ae\",\"price\":\"7.00\"},{\"medicine_id\":37,\"medicine\":\"\\u674f\\u4ec1\",\"min_weight\":50,\"max_weight\":50,\"unit\":\"\\u679a\",\"option\":\"\\u53bb\\u76ae\\u5c16\",\"price\":\"5.00\"}]','桂枝加厚朴杏子汤方','上七味，以水七升，微火煮取三升，去滓，温服一升，覆取微似汗。',NULL,'NORMAL','2020-03-04 11:18:01','2020-05-22 10:34:12'),
(36,'',0,'','下之后，复发汗，昼日烦躁不得眠，夜而安静，不呕，不渴，无表证，脉沉微，身无大热者，干姜附子汤主之。','[{\"medicine_id\":36,\"medicine\":\"\\u9644\\u5b50\",\"min_weight\":1,\"max_weight\":1,\"unit\":\"\\u679a\",\"option\":\"\\u751f\\u7528\\uff0c\\u53bb\\u76ae\\uff0c\\u5207\\u516b\\u7247\",\"price\":\"0.00\"}]','干姜附子汤','上二味，以水三升，煮取一升，去渣，顿服。',NULL,'NORMAL','2020-03-04 11:18:01','2020-03-04 11:18:01'),
(37,'',0,'','发汗后，不可更行桂枝汤，汗出而喘，无大热者，可与麻黄杏仁甘草石膏汤。','[{\"medicine_id\":38,\"medicine\":\"\\u9ebb\\u9ec4\",\"min_weight\":4,\"max_weight\":4,\"unit\":\"\\u4e24\\u674f\\u4ec1\\u4e94\\u5341\\u4e2a\",\"option\":\"\\u53bb\\u8282\",\"price\":\"4.00\"},{\"medicine_id\":32,\"medicine\":\"\\u7518\\u8349\",\"min_weight\":100,\"max_weight\":100,\"unit\":\"\\u516c\\u514b\",\"option\":\"\\u7099\",\"price\":\"20.00\"}]','麻黄杏仁甘草石膏汤','上四味，以水七升，煮麻黄，减二升，去上沫，内诸药，煮取二升，去滓，温服一升。本云，黄耳杯。','这个方子肺炎都爱用这个方子。实际这个方子也不是肺炎特效方子。真正的汗出而喘可以用，但是只能够用一次，不能连续用。假设这个药吃了，病好一些，但是热没完全去，这时不要一直搁麻黄，变其他解热清肺的药。一般治哮喘也有时候用。','NORMAL','2020-03-04 11:18:01','2020-05-22 09:49:39'),
(38,'',0,'','发汗过多，其人叉手自冒心，心下悸，欲得按者，桂枝甘草汤主之。','[{\"medicine_id\":31,\"medicine\":\"\\u6842\\u679d\",\"min_weight\":200,\"max_weight\":200,\"unit\":\"\\u516c\\u514b\",\"option\":\"\\u53bb\\u76ae\",\"price\":\"10.00\"},{\"medicine_id\":32,\"medicine\":\"\\u7518\\u8349\",\"min_weight\":100,\"max_weight\":100,\"unit\":\"\\u516c\\u514b\",\"option\":\"\\u7099\",\"price\":\"20.00\"}]','桂枝甘草汤','上二味，以水三升，煮取一升，去滓，顿服。',NULL,'NORMAL','2020-03-04 11:18:01','2020-03-04 11:18:01'),
(39,'',0,'','发汗后，其人脐下悸者，欲作奔豚，茯苓桂枝甘草大枣汤主之。','[{\"medicine_id\":31,\"medicine\":\"\\u6842\\u679d\",\"min_weight\":200,\"max_weight\":200,\"unit\":\"\\u516c\\u514b\",\"option\":\"\\u53bb\\u76ae\",\"price\":\"10.00\"},{\"medicine_id\":32,\"medicine\":\"\\u7518\\u8349\",\"min_weight\":100,\"max_weight\":100,\"unit\":\"\\u516c\\u514b\",\"option\":\"\\u7099\",\"price\":\"20.00\"},{\"medicine_id\":34,\"medicine\":\"\\u5927\\u67a3\",\"min_weight\":15,\"max_weight\":15,\"unit\":\"\\u679a\",\"option\":\"\\u64d8\",\"price\":\"0.00\"}]','茯苓桂枝甘草大枣汤','上四味，以甘澜水一斗，先煮茯苓，减二升，内诸药，煮取三升，去滓，温服一升，日三服。作甘澜水法：取水二斗，置大盆内，以杓扬之，水上有珠子五六千颗相逐．取用之。',NULL,'NORMAL','2020-03-04 11:18:01','2020-03-04 11:18:01'),
(40,'',0,'','发汗后，腹胀满者，厚朴生姜半夏甘草人参汤主之。','[]','厚朴生姜半夏甘草人参汤','上五味，以水一斗，煮取三升，去滓，温服一升，日三服。',NULL,'NORMAL','2020-03-04 11:18:01','2020-03-04 11:18:01'),
(41,'',0,'','伤寒若吐、若下后，心下逆满，气上冲胸，起则头眩，脉沉紧，发汗则动经，身为振振摇者，茯苓桂枝白术甘草汤主之。','[{\"medicine_id\":31,\"medicine\":\"\\u6842\\u679d\",\"min_weight\":150,\"max_weight\":150,\"unit\":\"\\u516c\\u514b\",\"option\":\"\\u53bb\\u76ae\",\"price\":\"10.00\"},{\"medicine_id\":40,\"medicine\":\"\\u7518\\u8349\\u5404\",\"min_weight\":100,\"max_weight\":100,\"unit\":\"\\u516c\\u514b\",\"option\":\"\\u7099\",\"price\":\"0.00\"}]','茯苓桂枝白术甘草汤','上四味，以水六升，煮取三升，去滓，分温三服。',NULL,'NORMAL','2020-03-04 11:18:01','2020-03-04 11:18:01'),
(42,'',0,'','发汗，病不解，反恶寒者，虚故也，芍药甘草附子汤主之。','[{\"medicine_id\":40,\"medicine\":\"\\u7518\\u8349\\u5404\",\"min_weight\":150,\"max_weight\":150,\"unit\":\"\\u516c\\u514b\",\"option\":\"\\u7099\",\"price\":\"0.00\"},{\"medicine_id\":36,\"medicine\":\"\\u9644\\u5b50\",\"min_weight\":1,\"max_weight\":1,\"unit\":\"\\u679a\",\"option\":\"\\u70ae\\uff0c\\u53bb\\u76ae\\uff0c\\u7834\\u516b\\u7247\",\"price\":\"0.00\"}]','芍药甘草附子汤','上三味，以水五升，煮取一升五合，去滓，分温三服。',NULL,'NORMAL','2020-03-04 11:18:01','2020-03-04 11:18:01'),
(43,'',0,'','发汗，若下之，病仍不解，烦躁者，茯苓四逆汤主之。','[{\"medicine_id\":36,\"medicine\":\"\\u9644\\u5b50\",\"min_weight\":1,\"max_weight\":1,\"unit\":\"\\u679a\",\"option\":\"\\u751f\\u7528\\uff0c\\u53bb\\u76ae\\uff0e\\u7834\\u516b\\u7247\",\"price\":\"0.00\"},{\"medicine_id\":32,\"medicine\":\"\\u7518\\u8349\",\"min_weight\":100,\"max_weight\":100,\"unit\":\"\\u516c\\u514b\",\"option\":\"\\u7099\",\"price\":\"20.00\"}]','茯苓四逆汤','上五味．以水五升，煮取三升，去滓，温服七合，日二服。',NULL,'NORMAL','2020-03-04 11:18:01','2020-03-04 11:18:01'),
(44,'',0,'','阳明病，不吐不下，心烦者，可与调胃承气汤。','[{\"medicine_id\":32,\"medicine\":\"\\u7518\\u8349\",\"min_weight\":100,\"max_weight\":100,\"unit\":\"\\u516c\\u514b\",\"option\":\"\\u7099\",\"price\":\"20.00\"},{\"medicine_id\":41,\"medicine\":\"\\u5927\\u9ec4\",\"min_weight\":200,\"max_weight\":200,\"unit\":\"\\u516c\\u514b\",\"option\":\"\\u6e05\\u9152\\u6d17\",\"price\":\"4.00\"}]','调胃承气汤','上三味，切，以水三升．煮二物至一升，去滓，内芒硝，更上微火一二沸，温顿服之，以调胃气。',NULL,'NORMAL','2020-03-04 11:18:01','2020-05-22 10:31:33'),
(45,'',0,'','发汗已，（小便不利）脉浮数烦渴者，五苓散主','[{\"medicine_id\":46,\"medicine\":\"\\u732a\\u82d3\",\"min_weight\":18,\"max_weight\":18,\"unit\":\"\\u94e2\",\"option\":\"\\u53bb\\u76ae\",\"price\":\"0.00\"}]','五苓散','上五味，捣为散，以白饮和服方寸匕，日三服，多饮暖水，汗出愈。如法将息。',NULL,'NORMAL','2020-03-04 11:18:01','2020-03-04 11:18:01'),
(46,'',0,'','伤寒，汗出而不渴者，茯苓甘草汤主之。','[{\"medicine_id\":32,\"medicine\":\"\\u7518\\u8349\",\"min_weight\":50,\"max_weight\":50,\"unit\":\"\\u516c\\u514b\",\"option\":\"\\u7099\",\"price\":\"20.00\"},{\"medicine_id\":33,\"medicine\":\"\\u751f\\u59dc\",\"min_weight\":150,\"max_weight\":150,\"unit\":\"\\u516c\\u514b\",\"option\":\"\\u5207\",\"price\":\"30.00\"}]','茯苓甘草汤','上四味，以水四升，煮取二升，去滓，分温三服。',NULL,'NORMAL','2020-03-04 11:18:01','2020-03-04 11:18:01'),
(47,'',0,'','下利后更烦，按之心下濡者，为虚烦也，宜栀子豉汤。','[{\"medicine_id\":47,\"medicine\":\"\\u6800\\u5b50\",\"min_weight\":14,\"max_weight\":14,\"unit\":\"\\u4e2a\",\"option\":\"\\u64d8\",\"price\":\"15.00\"},{\"medicine_id\":48,\"medicine\":\"\\u9999\\u8c49\",\"min_weight\":4,\"max_weight\":4,\"unit\":\"\\u5408\",\"option\":\"\\u7ef5\\u88f9\",\"price\":\"0.00\"}]','栀子豉汤','以水四升，先煮栀子、甘草取二升半，内豉，煮取一升半，去滓，分二服，',NULL,'NORMAL','2020-03-04 11:18:01','2020-05-22 10:35:45'),
(48,'',0,'','伤寒下后，心烦腹满，卧起不安者，栀子厚朴汤主之。','[{\"medicine_id\":47,\"medicine\":\"\\u6800\\u5b50\",\"min_weight\":14,\"max_weight\":14,\"unit\":\"\\u4e2a\",\"option\":\"\\u64d8\",\"price\":\"15.00\"},{\"medicine_id\":45,\"medicine\":\"\\u539a\\u6734\",\"min_weight\":200,\"max_weight\":200,\"unit\":\"\\u516c\\u514b\",\"option\":\"\\u7099\\uff0c\\u53bb\\u76ae\",\"price\":\"7.00\"},{\"medicine_id\":49,\"medicine\":\"\\u67b3\\u5b9e\",\"min_weight\":4,\"max_weight\":4,\"unit\":\"\\u679a\",\"option\":\"\\u6c34\\u6d78\\uff0c\\u7099\\u4ee4\\u9ec4\",\"price\":\"10.00\"}]','栀子厚朴汤','上三味，以水三升半，煮取一升半，去滓，分二服，温进一服，',NULL,'NORMAL','2020-03-04 11:18:01','2020-05-22 10:35:45'),
(49,'',0,'','太阳病发汗，汗出不解，其人仍发热，心下悸，头眩，身瞤动，振振欲擗地者，真武汤主之。','[{\"medicine_id\":50,\"medicine\":\"\\u751f\\u59dc\\u5404\",\"min_weight\":150,\"max_weight\":150,\"unit\":\"\\u4e24\",\"option\":\"\\u5207\",\"price\":\"7.00\"},{\"medicine_id\":36,\"medicine\":\"\\u9644\\u5b50\",\"min_weight\":1,\"max_weight\":1,\"unit\":\"\\u679a\",\"option\":\"\\u70ae\\uff0c\\u53bb\\u76ae\\uff0c\\u7834\\u516b\\u7247\",\"price\":\"0.00\"}]','真武汤','上五味，以水八升，煮取三升，去滓，温服七合，日三服。',NULL,'NORMAL','2020-03-04 11:18:01','2020-05-22 10:06:09'),
(50,'',0,'',' 伤寒二三日，心中悸而烦者，小建中汤主之。','[{\"medicine_id\":31,\"medicine\":\"\\u6842\\u679d\",\"min_weight\":150,\"max_weight\":150,\"unit\":\"\\u516c\\u514b\",\"option\":\"\\u53bb\\u76ae\",\"price\":\"10.00\"},{\"medicine_id\":32,\"medicine\":\"\\u7518\\u8349\",\"min_weight\":100,\"max_weight\":100,\"unit\":\"\\u516c\\u514b\",\"option\":\"\\u7099\",\"price\":\"20.00\"},{\"medicine_id\":34,\"medicine\":\"\\u5927\\u67a3\",\"min_weight\":12,\"max_weight\":12,\"unit\":\"\\u679a\",\"option\":\"\\u64d8\",\"price\":\"0.00\"},{\"medicine_id\":33,\"medicine\":\"\\u751f\\u59dc\",\"min_weight\":150,\"max_weight\":150,\"unit\":\"\\u516c\\u514b\",\"option\":\"\\u5207\",\"price\":\"30.00\"}]','小建中汤','上六味，以水七升，煮取三升，去滓，内饴，更上微火消解，温服一升，日三服。',NULL,'NORMAL','2020-03-04 11:18:01','2020-03-04 11:18:01'),
(51,'',0,'','伤寒发热，汗出不解，心下痞硬，呕吐而下利者，大柴胡汤主之。','[{\"medicine_id\":33,\"medicine\":\"\\u751f\\u59dc\",\"min_weight\":5,\"max_weight\":5,\"unit\":\"\\u4e24\\u67b3\\u5b9e\\u56db\\u679a\",\"option\":\"\\u5207\",\"price\":\"30.00\"},{\"medicine_id\":34,\"medicine\":\"\\u5927\\u67a3\",\"min_weight\":12,\"max_weight\":12,\"unit\":\"\\u679a\\u5927\\u9ec4\\u4e8c\\u4e24\",\"option\":\"\\u64d8\",\"price\":\"0.00\"}]','大柴胡汤','上七味，以水一斗二升，煮取六升，去滓，再煎，取三升，温服一升，日三服。',NULL,'NORMAL','2020-03-04 11:18:01','2020-03-04 11:18:01'),
(52,'',0,'','伤寒十三日不解，胸胁满而呕，日晡所发潮热，微利。此本柴胡证，下之而不得利，今反利者，知医以丸药下之，此非其治也、潮热者。实也。先宜服小柴胡汤以解外，后以柴胡加芒硝汤主之。','[{\"medicine_id\":32,\"medicine\":\"\\u7518\\u8349\",\"min_weight\":50,\"max_weight\":50,\"unit\":\"\\u516c\\u514b\",\"option\":\"\\u7099\",\"price\":\"20.00\"},{\"medicine_id\":51,\"medicine\":\"\\u534a\\u590f\",\"min_weight\":20,\"max_weight\":20,\"unit\":\"\\u94e2\",\"option\":\"\\u672c\\u4e91\\u4e94\\u679a\\uff0c\\u6d17\",\"price\":\"22.00\"}]','柴胡加芒硝汤','上八味，以水四升，煮取二升，去滓，内芒硝，更煮微沸，分温再服，不解更作。',NULL,'NORMAL','2020-03-04 11:18:01','2020-05-22 10:29:38'),
(53,'',0,'','太阳病不解，热结膀胱，其人如狂，血自下，下者愈。其外不解者，尚未可攻，当先解其外。外解已，但少腹急结者，乃可攻之，宜桃核承气汤。','[{\"medicine_id\":52,\"medicine\":\"\\u6843\\u4ec1\",\"min_weight\":50,\"max_weight\":50,\"unit\":\"\\u4e2a\",\"option\":\"\\u53bb\\u76ae\\u5c16\",\"price\":\"0.00\"},{\"medicine_id\":31,\"medicine\":\"\\u6842\\u679d\",\"min_weight\":100,\"max_weight\":100,\"unit\":\"\\u516c\\u514b\",\"option\":\"\\u53bb\\u76ae\",\"price\":\"10.00\"},{\"medicine_id\":32,\"medicine\":\"\\u7518\\u8349\",\"min_weight\":100,\"max_weight\":100,\"unit\":\"\\u516c\\u514b\",\"option\":\"\\u7099\",\"price\":\"20.00\"}]','桃核承气汤','上五味，以水七升，煮取二升半，去滓，内芒硝，更上火微沸，下火，先食温服五合，日三服。当微利。',NULL,'NORMAL','2020-03-04 11:18:01','2020-05-22 10:35:01'),
(54,'',0,'','伤寒脉浮，医以火迫劫之，亡阳必惊狂，卧起不安者，桂枝去芍药加蜀漆牡蛎龙骨救逆汤主之。','[{\"medicine_id\":31,\"medicine\":\"\\u6842\\u679d\",\"min_weight\":150,\"max_weight\":150,\"unit\":\"\\u516c\\u514b\",\"option\":\"\\u53bb\\u76ae\",\"price\":\"10.00\"},{\"medicine_id\":32,\"medicine\":\"\\u7518\\u8349\",\"min_weight\":100,\"max_weight\":100,\"unit\":\"\\u516c\\u514b\",\"option\":\"\\u7099\",\"price\":\"20.00\"},{\"medicine_id\":33,\"medicine\":\"\\u751f\\u59dc\",\"min_weight\":150,\"max_weight\":150,\"unit\":\"\\u516c\\u514b\",\"option\":\"\\u5207\",\"price\":\"30.00\"},{\"medicine_id\":34,\"medicine\":\"\\u5927\\u67a3\",\"min_weight\":12,\"max_weight\":12,\"unit\":\"\\u679a\",\"option\":\"\\u64d8\",\"price\":\"0.00\"},{\"medicine_id\":53,\"medicine\":\"\\u7261\\u86ce\",\"min_weight\":250,\"max_weight\":250,\"unit\":\"\\u4e24\",\"option\":\"\\u71ac\",\"price\":\"4.00\"},{\"medicine_id\":54,\"medicine\":\"\\u8700\\u6f06\",\"min_weight\":150,\"max_weight\":150,\"unit\":\"\\u4e24\",\"option\":\"\\u6d17\\u53bb\\u8165\",\"price\":\"16.00\"}]','桂枝去芍药加蜀漆牡蛎龙骨救逆汤','上七味，以水一斗二升，先煮蜀漆，减二升，内诸药，煮取三升，去滓，温服一升。本云桂枝汤，今去芍药，加蜀漆、牡蛎、龙骨。',NULL,'NORMAL','2020-03-04 11:18:01','2020-05-22 10:28:13'),
(55,'',0,'','烧针令其汗，针处被寒，核起而赤者，必发奔豚。气从少腹上冲心者。灸其核上各一壮，与桂枝加桂汤，更加桂二两也。','[{\"medicine_id\":31,\"medicine\":\"\\u6842\\u679d\",\"min_weight\":250,\"max_weight\":250,\"unit\":\"\\u516c\\u514b\",\"option\":\"\\u53bb\\u76ae\",\"price\":\"10.00\"},{\"medicine_id\":33,\"medicine\":\"\\u751f\\u59dc\",\"min_weight\":150,\"max_weight\":150,\"unit\":\"\\u516c\\u514b\",\"option\":\"\\u5207\",\"price\":\"30.00\"},{\"medicine_id\":32,\"medicine\":\"\\u7518\\u8349\",\"min_weight\":100,\"max_weight\":100,\"unit\":\"\\u516c\\u514b\",\"option\":\"\\u7099\",\"price\":\"20.00\"},{\"medicine_id\":34,\"medicine\":\"\\u5927\\u67a3\",\"min_weight\":12,\"max_weight\":12,\"unit\":\"\\u679a\",\"option\":\"\\u64d8\",\"price\":\"0.00\"}]','桂枝加桂汤','上五味．以水七升，煮取三升，去滓，温服一升。本云桂枝汤，今加桂满五两，所以加桂者，以能泄奔豚气也。',NULL,'NORMAL','2020-03-04 11:18:01','2020-03-04 11:18:01'),
(56,'',0,'','太阳病六七日，表证仍在，脉微而沉，反不结胸，其人发狂者，以热在下焦。少腹当硬满，小便自利者，下血乃愈。所以然者，以太阳随经，瘀热在里故也。抵当汤主之。   太阳病，身黄，脉沉结，少腹硬，小便不利者，为无血也。小便自利，其人如狂者，血证谛也，抵当汤主之。    阳明证，其人喜忘者，必有蓄血。所以然者，本有久瘀血，故令喜忘。屎虽硬，大便反易，其色必黑者，宜抵当汤下之。 ','[{\"medicine_id\":55,\"medicine\":\"\\u867b\\u866b\\u5404\",\"min_weight\":30,\"max_weight\":30,\"unit\":\"\\u4e2a\",\"option\":\"\\u53bb\\u7fc5\\u8db3\\uff0e\\u71ac\",\"price\":\"15.00\"},{\"medicine_id\":52,\"medicine\":\"\\u6843\\u4ec1\",\"min_weight\":20,\"max_weight\":20,\"unit\":\"\\u4e2a\",\"option\":\"\\u53bb\\u76ae\\u5c16\",\"price\":\"0.00\"},{\"medicine_id\":41,\"medicine\":\"\\u5927\\u9ec4\",\"min_weight\":150,\"max_weight\":150,\"unit\":\"\\u516c\\u514b\",\"option\":\"\\u9152\\u6d17\",\"price\":\"4.00\"}]','抵当汤','上四味，以水五升，煮取三升，去滓，温服一升。不下，更服。',NULL,'NORMAL','2020-03-04 11:18:01','2020-05-22 10:31:33'),
(57,'',0,'','火逆下之，因烧针烦躁者，桂枝甘草龙骨牡蛎汤主之。','[{\"medicine_id\":31,\"medicine\":\"\\u6842\\u679d\",\"min_weight\":50,\"max_weight\":50,\"unit\":\"\\u516c\\u514b\",\"option\":\"\\u53bb\\u76ae\",\"price\":\"10.00\"},{\"medicine_id\":32,\"medicine\":\"\\u7518\\u8349\",\"min_weight\":100,\"max_weight\":100,\"unit\":\"\\u516c\\u514b\",\"option\":\"\\u7099\",\"price\":\"20.00\"},{\"medicine_id\":53,\"medicine\":\"\\u7261\\u86ce\",\"min_weight\":2,\"max_weight\":2,\"unit\":\"\\u4e24\\u9f99\\u9aa8\",\"option\":\"\\u71ac\",\"price\":\"4.00\"}]','桂枝甘草龙骨牡蛎汤','上四味，以水五升，煮取二升半，去滓，温服八合，日三服。',NULL,'NORMAL','2020-03-04 11:18:01','2020-05-22 10:28:13'),
(58,'',0,'','结胸者，项亦强，如柔痉状，下之则和，宜大陷胸丸。','[{\"medicine_id\":56,\"medicine\":\"\\u674f\\u4ec1\\u534a\\u5347\\u522b\\u6363\\u7518\\u9042\\u672b\",\"min_weight\":1,\"max_weight\":1,\"unit\":\"\\u94b1\\u5315\\uff0c\\u767d\\u871c\\u4e8c\\u5408\\uff0c\\u6c34\\u4e8c\\u5347\\uff0c\\u716e\\u53d6\",\"option\":\"\\u53bb\\u76ae\\u5c16\\uff0c\\u71ac\\u9ed1\",\"price\":\"0.00\"}]','大陷胸丸','上四味，捣筛二味，内杏仁、芒硝，合研如脂，和散，取如弹丸一枚；别捣甘遂末一钱匕，白蜜二合，水二升，煮取一升，温顿服之，一宿乃下，如不下，更服，取下为效．禁如药法。',NULL,'NORMAL','2020-03-04 11:18:01','2020-05-22 10:32:11'),
(59,'',0,'','太阳病，脉浮而动数，浮则为风，数则为热，动则为痛，数则为虚。头痛发热，微盗汗出，而反恶寒者，表未解也。\n    医反下之，动数变迟，膈内拒痛，胃中空虚，客气动膈，短气躁烦，心中懊，阳气内陷，心下因硬，则为结胸，大陷胸汤主之。伤寒六七日，结胸热实，脉沉而紧，心下痛，按之石硬者，大陷胸汤主之。\n','[{\"medicine_id\":41,\"medicine\":\"\\u5927\\u9ec4\",\"min_weight\":300,\"max_weight\":300,\"unit\":\"\\u516c\\u514b\",\"option\":\"\\u53bb\\u76ae\",\"price\":\"4.00\"}]','大陷胸汤','上三味，以水六升，先煮大黄取二升，去滓，内芒硝．煮一两沸，内甘遂末，温服一升，得快利止后服。',NULL,'NORMAL','2020-03-04 11:18:01','2020-05-22 10:31:33'),
(60,'',0,'','小结胸病，正在心下，按之则痛，脉浮滑者，小陷胸汤主之。','[]','小陷胸汤','上三味，以水六升，先煮瓜蒌，取三升，去滓，内诸药，煮取二升，去滓，分温三服。','临床上，如果要是里实需要用攻下的药，那要看外,尤其注意是否有表证，要有表证得先解表，这是定法。如果里虚需要先温里，就是有表证要先救里而后解其表。','NORMAL','2020-03-04 11:18:01','2020-03-04 11:18:01'),
(61,'',0,'','寒实结胸，无热证者，与三物白散亦可服。','[{\"medicine_id\":57,\"medicine\":\"\\u5df4\\u8c46\",\"min_weight\":1,\"max_weight\":1,\"unit\":\"\\u5206\",\"option\":\"\\u53bb\\u76ae\\u5fc3\\uff0c\\u71ac\\u9ed1\\u7814\\u5982\\u8102\",\"price\":\"0.00\"}]','三物白散','上三味为散，内巴豆，更于臼中杵之，以白饮和服，强人半钱匕，赢者减之。病在膈上必吐，在膈下必利，不利。进热粥一杯，利过不止，进冷粥一杯。',NULL,'NORMAL','2020-03-04 11:18:01','2020-05-22 10:33:28'),
(62,'',0,'','伤寒六七日，发热，微恶寒，支节烦疼，微呕，心下支结，外证未去者，柴胡桂枝汤主之。','[{\"medicine_id\":32,\"medicine\":\"\\u7518\\u8349\",\"min_weight\":50,\"max_weight\":50,\"unit\":\"\\u516c\\u514b\",\"option\":\"\\u7099\",\"price\":\"20.00\"},{\"medicine_id\":51,\"medicine\":\"\\u534a\\u590f\",\"min_weight\":2,\"max_weight\":2,\"unit\":\"\\u5408\\u534a\",\"option\":\"\\u6d17\",\"price\":\"22.00\"},{\"medicine_id\":34,\"medicine\":\"\\u5927\\u67a3\",\"min_weight\":6,\"max_weight\":6,\"unit\":\"\\u679a\",\"option\":\"\\u64d8\",\"price\":\"0.00\"},{\"medicine_id\":33,\"medicine\":\"\\u751f\\u59dc\",\"min_weight\":1,\"max_weight\":1,\"unit\":\"\\u4e24\\u534a\",\"option\":\"\\u5207\",\"price\":\"30.00\"}]','柴胡桂枝汤','上九味，以水七升，煮取三升，去滓．温服一升，本云人参汤，作如桂枝法，加半夏、柴胡、黄芩，复如柴胡法，今用人参作半剂',NULL,'NORMAL','2020-03-04 11:18:01','2020-05-22 10:29:38'),
(63,'',0,'','伤寒五六日，已发汗而复下之，胸胁满微结，小便不利，渴而不呕，但头汗出，往来寒热，心烦者，此为未解也，柴胡桂枝干姜汤主之。','[{\"medicine_id\":31,\"medicine\":\"\\u6842\\u679d\",\"min_weight\":150,\"max_weight\":150,\"unit\":\"\\u516c\\u514b\",\"option\":\"\\u53bb\\u76ae\",\"price\":\"10.00\"},{\"medicine_id\":53,\"medicine\":\"\\u7261\\u86ce\",\"min_weight\":100,\"max_weight\":100,\"unit\":\"\\u516c\\u514b\",\"option\":\"\\u71ac\",\"price\":\"4.00\"},{\"medicine_id\":32,\"medicine\":\"\\u7518\\u8349\",\"min_weight\":100,\"max_weight\":100,\"unit\":\"\\u516c\\u514b\",\"option\":\"\\u7099\",\"price\":\"20.00\"}]','柴胡桂枝干姜汤','上七味，以水一斗二升，煮取六升，去滓，再煎取三升，温服一升，日三服，初服微烦，复服汗出便愈。',NULL,'NORMAL','2020-03-04 11:18:01','2020-05-22 10:28:13'),
(64,'',0,'','伤寒五六日，呕而发热者，柴胡汤证具，而以他药下之，柴胡证仍在者，复与柴胡汤。此虽已下之，不为逆，必蒸蒸而振，却发热汗出而解。若心下满而硬痛者，此为结胸也，大陷胸汤主之。\n但满而不痛者，此为痞，柴胡不中与之，宜半夏泻心汤。\n','[{\"medicine_id\":40,\"medicine\":\"\\u7518\\u8349\\u5404\",\"min_weight\":150,\"max_weight\":150,\"unit\":\"\\u516c\\u514b\",\"option\":\"\\u7099\",\"price\":\"0.00\"},{\"medicine_id\":34,\"medicine\":\"\\u5927\\u67a3\",\"min_weight\":12,\"max_weight\":12,\"unit\":\"\\u679a\",\"option\":\"\\u64d8\",\"price\":\"0.00\"}]','半夏泻心汤','上七味，以水一斗，煮取六升，去滓，再煎取三升，温服一升，日三服。',NULL,'NORMAL','2020-03-04 11:18:01','2020-03-04 11:18:01'),
(65,'',0,'','太阳中风，下利呕逆，表解者，乃可攻之。（葛根加半夏汤）\n    其人絷絷（ZHI）汗出，发作有时，头痛，心下痞硬满，引胁下痛，干呕短气，汗出不恶寒者，此表解里未和也。十枣汤主之。\n','[]','十枣汤','上三味等分，各别捣为散，以水一升半，先煮大枣肥者十枚，取八合，去滓，内药末，强人服一钱匕，赢人服半钱，温服之，平旦服。若下少，病不除者，明日更服，加半钱，得快下利后，糜粥自养。','临床上，如果要是里实需要用攻下的药，那要看外,尤其注意是否有表证，要有表证得先解表，这是定法。如果里虚需要先温里，就是有表证要先救里而后解其表。','NORMAL','2020-03-04 11:18:01','2020-03-04 11:18:01'),
(66,'',0,'','心下痞，按之濡，其脉关上浮者，大黄黄连泻心汤主之。','[]','大黄黄连泻心汤','上二味，以麻沸汤二升渍之，须臾绞去滓，分温再服。','临床上，如果要是里实需要用攻下的药，那要看外,尤其注意是否有表证，要有表证得先解表，这是定法。如果里虚需要先温里，就是有表证要先救里而后解其表。','NORMAL','2020-03-04 11:18:01','2020-03-04 11:18:01'),
(67,'',0,'','伤寒，汗出解之后，胃中不和，心下痞硬，干噫食臭，胁下有水气，腹中雷鸣下利者，生姜泻心汤主之。','[{\"medicine_id\":33,\"medicine\":\"\\u751f\\u59dc\",\"min_weight\":200,\"max_weight\":200,\"unit\":\"\\u516c\\u514b\",\"option\":\"\\u5207\",\"price\":\"30.00\"},{\"medicine_id\":32,\"medicine\":\"\\u7518\\u8349\",\"min_weight\":150,\"max_weight\":150,\"unit\":\"\\u516c\\u514b\",\"option\":\"\\u7099\",\"price\":\"20.00\"},{\"medicine_id\":34,\"medicine\":\"\\u5927\\u67a3\",\"min_weight\":12,\"max_weight\":12,\"unit\":\"\\u679a\",\"option\":\"\\u64d8\",\"price\":\"0.00\"}]','生姜泻心汤','上八味，以水一斗，煮取六升，去滓，再煎取三升，温服一升，日三服。附子泻心汤，本云加附子。半夏泻心汤、甘草泻心汤，同体别名耳。生姜泻心汤，本云理中人参黄芩汤，去桂枝、术，加黄连并泻肝法。',NULL,'NORMAL','2020-03-04 11:18:01','2020-03-04 11:18:01'),
(68,'',0,'','伤寒中风，医反下之，其人下利日数十行，谷不化，腹中雷鸣，心下痞硬而满，干呕心烦不得安，医见心下痞，谓病不尽，复下之，其痞益甚，此非结热，但以胃中虚，客气上逆，故使硬也，甘草泻心汤主之。','[{\"medicine_id\":32,\"medicine\":\"\\u7518\\u8349\",\"min_weight\":200,\"max_weight\":200,\"unit\":\"\\u516c\\u514b\",\"option\":\"\\u751f\",\"price\":\"20.00\"},{\"medicine_id\":34,\"medicine\":\"\\u5927\\u67a3\",\"min_weight\":12,\"max_weight\":12,\"unit\":\"\\u679a\",\"option\":\"\\u64d8\",\"price\":\"0.00\"}]','甘草泻心汤','上六味，以水一斗，煮取六升，去滓，再煎取三升，温服一升，日三服。',NULL,'NORMAL','2020-03-04 11:18:01','2020-03-04 11:18:01'),
(69,'',0,'','伤寒服汤药，下利不止，心下痞硬，服泻心汤已，复以他药下之，利不止，医以理中与之，利益甚。理中者，理中焦，此利在下焦，赤石脂禹余粮汤主之。复不止者，当利其小便。','[{\"medicine_id\":58,\"medicine\":\"\\u8d64\\u77f3\\u8102\",\"min_weight\":1,\"max_weight\":1,\"unit\":\"\\u65a4\",\"option\":\"\\u788e\",\"price\":\"0.00\"},{\"medicine_id\":59,\"medicine\":\"\\u592a\",\"min_weight\":1,\"max_weight\":1,\"unit\":\"\\u79b9\\u4f59\\u7cae\",\"option\":\"\\u788e\",\"price\":\"0.00\"}]','赤石脂禹余粮汤','上二味，以水六升，煮取二升，去滓，分温三服。',NULL,'NORMAL','2020-03-04 11:18:01','2020-05-22 10:33:08'),
(70,'',0,'',' 伤寒发汗，若吐若下，解后心下痞硬，噫气不除者，旋覆代赭石汤主之。','[{\"medicine_id\":32,\"medicine\":\"\\u7518\\u8349\",\"min_weight\":3,\"max_weight\":3,\"unit\":\"\\u4e24\\u534a\\u590f\\u534a\\u5347\",\"option\":\"\\u7099\",\"price\":\"20.00\"},{\"medicine_id\":34,\"medicine\":\"\\u5927\\u67a3\",\"min_weight\":12,\"max_weight\":12,\"unit\":\"\\u679a\",\"option\":\"\\u64d8\",\"price\":\"0.00\"}]','旋覆代赭汤','上七味，以水一斗，煮取六升，去滓，再煎取三升。温服一升，日三服。',NULL,'NORMAL','2020-03-04 11:18:01','2020-03-04 11:18:01'),
(71,'',0,'','下后不可更行桂枝汤，若汗出而喘，无大热者，可与麻黄杏子甘草石膏汤。','[{\"medicine_id\":37,\"medicine\":\"\\u674f\\u4ec1\",\"min_weight\":50,\"max_weight\":50,\"unit\":\"\\u4e2a\",\"option\":\"\\u53bb\\u76ae\\u5c16\",\"price\":\"5.00\"},{\"medicine_id\":32,\"medicine\":\"\\u7518\\u8349\",\"min_weight\":100,\"max_weight\":100,\"unit\":\"\\u516c\\u514b\",\"option\":\"\\u7099\",\"price\":\"20.00\"}]','麻黄杏子甘草石膏汤','上四味，以水七升，先煮麻黄，减二升，去白沫，内诸药，煮取三升，去滓，温服一升。本云黄耳杯。',NULL,'NORMAL','2020-03-04 11:18:01','2020-05-22 10:34:12'),
(72,'',0,'','太阳病，外证未除，而数下之，遂协热而利，利下不止，心下痞硬，表里不解者，桂枝人参汤主之。','[{\"medicine_id\":31,\"medicine\":\"\\u6842\\u679d\",\"min_weight\":200,\"max_weight\":200,\"unit\":\"\\u516c\\u514b\",\"option\":\"\\u522b\\u5207\",\"price\":\"10.00\"},{\"medicine_id\":32,\"medicine\":\"\\u7518\\u8349\",\"min_weight\":200,\"max_weight\":200,\"unit\":\"\\u516c\\u514b\",\"option\":\"\\u7099\",\"price\":\"20.00\"}]','桂枝人参汤','上五味，以水九升，先煮四昧，取五升，内桂，更煮取三升，去滓，温服一升，日再，夜一服。',NULL,'NORMAL','2020-03-04 11:18:01','2020-03-04 11:18:01'),
(73,'',0,'','病如桂枝证，头不痛，项不强，寸脉微浮，胸中痞硬，气上冲喉咽，不得息者，此为胸有寒也。当吐之，宜瓜蒂散。','[{\"medicine_id\":60,\"medicine\":\"\\u74dc\\u8482\",\"min_weight\":1,\"max_weight\":1,\"unit\":\"\\u5206\",\"option\":\"\\u71ac\\u9ec4\",\"price\":\"0.00\"}]','瓜蒂散','上二味，各别捣筛，为散已，合治之，取一钱匕，以香豉一合，用热汤七合，煮作稀糜，去滓，取汁和散，温顿服之。不吐者，少少加，得快吐乃止。诸亡血虚家，不可与瓜蒂散。',NULL,'NORMAL','2020-03-04 11:18:01','2020-05-22 10:27:32'),
(74,'',0,'','太阳与少阳合病，自下利者，与黄芩汤；若呕者，黄芩加半夏生姜汤主之。','[{\"medicine_id\":32,\"medicine\":\"\\u7518\\u8349\",\"min_weight\":100,\"max_weight\":100,\"unit\":\"\\u516c\\u514b\",\"option\":\"\\u7099\",\"price\":\"20.00\"},{\"medicine_id\":34,\"medicine\":\"\\u5927\\u67a3\",\"min_weight\":12,\"max_weight\":12,\"unit\":\"\\u679a\",\"option\":\"\\u64d8\",\"price\":\"0.00\"},{\"medicine_id\":32,\"medicine\":\"\\u7518\\u8349\",\"min_weight\":100,\"max_weight\":100,\"unit\":\"\\u516c\\u514b\",\"option\":\"\\u7099\",\"price\":\"20.00\"},{\"medicine_id\":34,\"medicine\":\"\\u5927\\u67a3\",\"min_weight\":12,\"max_weight\":12,\"unit\":\"\\u679a\",\"option\":\"\\u64d8\",\"price\":\"0.00\"},{\"medicine_id\":33,\"medicine\":\"\\u751f\\u59dc\",\"min_weight\":1,\"max_weight\":1,\"unit\":\"\\u4e24\\u534a\",\"option\":\"\\u4e00\\u65b9\\u4e09\\u4e24\\uff0c\\u5207\",\"price\":\"30.00\"}]','黄芩汤、黄芩加半夏汤','以水一斗，煮取三升，去滓，温服一升，日再，夜一服。',NULL,'NORMAL','2020-03-04 11:18:01','2020-03-04 11:18:01'),
(75,'',0,'','伤寒胸中有热，胃中有邪气，腹中痛，欲呕吐者，黄连汤主之。','[{\"medicine_id\":32,\"medicine\":\"\\u7518\\u8349\",\"min_weight\":150,\"max_weight\":150,\"unit\":\"\\u516c\\u514b\",\"option\":\"\\u7099\",\"price\":\"20.00\"},{\"medicine_id\":31,\"medicine\":\"\\u6842\\u679d\",\"min_weight\":150,\"max_weight\":150,\"unit\":\"\\u516c\\u514b\",\"option\":\"\\u53bb\\u76ae\",\"price\":\"10.00\"},{\"medicine_id\":34,\"medicine\":\"\\u5927\\u67a3\",\"min_weight\":12,\"max_weight\":12,\"unit\":\"\\u679a\",\"option\":\"\\u64d8\",\"price\":\"0.00\"}]','黄连汤','上七味，以水一斗，煮取六升，去滓，温服，再煮取三开，温服一升，日三服。',NULL,'NORMAL','2020-03-04 11:18:01','2020-03-04 11:18:01'),
(76,'',0,'','伤寒八九日，风湿相抟，身体疼烦，不能自转侧，不呕，不渴，脉浮虚而涩者，桂枝附子汤之。若其人大便硬，小便自利者，去桂加白术汤主之。','[{\"medicine_id\":31,\"medicine\":\"\\u6842\\u679d\",\"min_weight\":200,\"max_weight\":200,\"unit\":\"\\u516c\\u514b\",\"option\":\"\\u53bb\\u76ae\",\"price\":\"10.00\"},{\"medicine_id\":36,\"medicine\":\"\\u9644\\u5b50\",\"min_weight\":3,\"max_weight\":3,\"unit\":\"\\u679a\",\"option\":\"\\u70ae\\uff0c\\u53bb\\u76ae\\uff0c\\u7834\",\"price\":\"0.00\"},{\"medicine_id\":33,\"medicine\":\"\\u751f\\u59dc\",\"min_weight\":150,\"max_weight\":150,\"unit\":\"\\u516c\\u514b\",\"option\":\"\\u5207\",\"price\":\"30.00\"},{\"medicine_id\":34,\"medicine\":\"\\u5927\\u67a3\",\"min_weight\":12,\"max_weight\":12,\"unit\":\"\\u679a\",\"option\":\"\\u64d8\",\"price\":\"0.00\"},{\"medicine_id\":32,\"medicine\":\"\\u7518\\u8349\",\"min_weight\":100,\"max_weight\":100,\"unit\":\"\\u516c\\u514b\",\"option\":\"\\u7099\",\"price\":\"20.00\"},{\"medicine_id\":36,\"medicine\":\"\\u9644\\u5b50\",\"min_weight\":3,\"max_weight\":3,\"unit\":\"\\u679a\",\"option\":\"\\u70ae\\uff0c\\u53bb\\u76ae\\uff0c\\u7834\",\"price\":\"0.00\"},{\"medicine_id\":33,\"medicine\":\"\\u751f\\u59dc\",\"min_weight\":150,\"max_weight\":150,\"unit\":\"\\u516c\\u514b\",\"option\":\"\\u5207\",\"price\":\"30.00\"},{\"medicine_id\":32,\"medicine\":\"\\u7518\\u8349\",\"min_weight\":100,\"max_weight\":100,\"unit\":\"\\u516c\\u514b\",\"option\":\"\\u7099\",\"price\":\"20.00\"},{\"medicine_id\":34,\"medicine\":\"\\u5927\\u67a3\",\"min_weight\":12,\"max_weight\":12,\"unit\":\"\\u679a\",\"option\":\"\\u64d8\",\"price\":\"0.00\"}]','桂枝附子汤','桂枝附子汤煎服法 以水六升，煮取二升，去滓，分温三服。                    去桂加白术汤煎服法                        上五味，以水六升，煮取二升，去滓．分温三服。初一服，其人身如痹，半日许复服之，三服都尽，其人如冒状，勿怪，此以附子、术并走皮内，逐水气未得除，故使之耳，法当加桂四两。此本一方二法，以大便硬，小便自利，去桂也；以大便不硬，小便不利，当加桂．附子三枚恐多也，虚弱家及产妇，宜减服之。',NULL,'NORMAL','2020-03-04 11:18:01','2020-03-04 11:18:01'),
(77,'',0,'','风湿相抟，骨节疼烦，掣痛不得屈伸，近之则痛剧，汗出短气，小便不利，恶风不欲去衣，或身微肿者，甘草附子汤主之。','[{\"medicine_id\":32,\"medicine\":\"\\u7518\\u8349\",\"min_weight\":100,\"max_weight\":100,\"unit\":\"\\u516c\\u514b\",\"option\":\"\\u7099\",\"price\":\"20.00\"},{\"medicine_id\":36,\"medicine\":\"\\u9644\\u5b50\",\"min_weight\":2,\"max_weight\":2,\"unit\":\"\\u679a\",\"option\":\"\\u70ae\\uff0c\\u53bb\\u76ae\\uff0c\\u7834\",\"price\":\"0.00\"},{\"medicine_id\":31,\"medicine\":\"\\u6842\\u679d\",\"min_weight\":200,\"max_weight\":200,\"unit\":\"\\u516c\\u514b\",\"option\":\"\\u53bb\\u76ae\",\"price\":\"10.00\"}]','甘草附子汤','上四味，以水六升，煮取三升，去滓，温服一升．日三服。初服得微汗则解，能食，汗止复烦者，将服五合，恐一升多者，宜服六七合为始。',NULL,'NORMAL','2020-03-04 11:18:01','2020-03-04 11:18:01'),
(78,'',0,'','伤寒脉浮滑，此以表有热，里亦有热，白虎汤主之。','[{\"medicine_id\":39,\"medicine\":\"\\u77f3\\u818f\",\"min_weight\":1,\"max_weight\":1,\"unit\":\"\\u65a4\",\"option\":\"\\u788e\",\"price\":\"8\"},{\"medicine_id\":32,\"medicine\":\"\\u7518\\u8349\",\"min_weight\":100,\"max_weight\":100,\"unit\":\"\\u516c\\u514b\",\"option\":\"\\u7099\",\"price\":\"20.00\"}]','白虎汤','上四味，以水一斗，煮米熟，汤成去滓，温服一升，日三服。',NULL,'NORMAL','2020-03-04 11:18:01','2020-05-30 10:14:35'),
(79,'',0,'','治虚劳不足，汗出而闷，脉结悸，行动如常，不出百日，危急者十一日死（肺结核）。                          伤寒脉结代，心动悸，炙甘草汤主之。','[{\"medicine_id\":32,\"medicine\":\"\\u7518\\u8349\",\"min_weight\":200,\"max_weight\":200,\"unit\":\"\\u516c\\u514b\",\"option\":\"\\u7099\",\"price\":\"20.00\"},{\"medicine_id\":33,\"medicine\":\"\\u751f\\u59dc\",\"min_weight\":150,\"max_weight\":150,\"unit\":\"\\u516c\\u514b\",\"option\":\"\\u5207\",\"price\":\"30.00\"},{\"medicine_id\":31,\"medicine\":\"\\u6842\\u679d\",\"min_weight\":150,\"max_weight\":150,\"unit\":\"\\u516c\\u514b\",\"option\":\"\\u53bb\\u76ae\",\"price\":\"10.00\"},{\"medicine_id\":34,\"medicine\":\"\\u5927\\u67a3\",\"min_weight\":30,\"max_weight\":30,\"unit\":\"\\u679a\",\"option\":\"\\u64d8\",\"price\":\"0.00\"}]','炙甘草汤','上九味，以清酒七升，水八升，先煮八味，取三升，去滓，内胶，烊消尽，温服一升，日三服。',NULL,'NORMAL','2020-03-04 11:18:01','2020-03-04 11:18:01'),
(80,'',0,'','阳明病，脉迟，虽汗出不恶寒者，其身必重，短气，腹满而喘。有潮热者，此外欲解，可攻里也。手足濈然汗出者，此大便已硬也，大承气汤主之。                            伤寒若吐若下后不解，不大便五六日，上至十余日，日晡所发潮热，不恶寒，独语如见鬼状。若剧者，发则不识人，循衣摸床，惕而不安，微喘直视，脉弦者生，涩者死。微者，但发热谵语者，大承气汤主之。        阳明病，谵语发潮热，脉滑而疾者，大承气汤主之。','[{\"medicine_id\":41,\"medicine\":\"\\u5927\\u9ec4\",\"min_weight\":200,\"max_weight\":200,\"unit\":\"\\u516c\\u514b\",\"option\":\"\\u9152\\u6d17\",\"price\":\"4.00\"},{\"medicine_id\":49,\"medicine\":\"\\u67b3\\u5b9e\",\"min_weight\":5,\"max_weight\":5,\"unit\":\"\\u679a\",\"option\":\"\\u7099\",\"price\":\"10.00\"}]','大承气汤','上四味，以水一斗，先煮二物，取五升，去滓，内大黄，更煮取二升，去滓，内芒硝，更上微火一两沸，分温再服，得下，余勿服。',NULL,'NORMAL','2020-03-04 11:18:01','2020-05-22 10:35:25'),
(81,'',0,'','阳明病，脉迟，虽汗出不恶寒者，其身必重，短气，腹满而喘。有潮热者，此外欲解，可攻里也。若腹大满不通者，可与小承气汤，微和胃气，勿令至大泄下。                  阳明病，其人多汗，以津液外出，胃中燥，大便必硬，硬则谵语，小承气汤主之。若一服谵语止者，更莫复服。                            下利谵语者，有燥屎也，宜小承气汤。                           ','[{\"medicine_id\":45,\"medicine\":\"\\u539a\\u6734\",\"min_weight\":100,\"max_weight\":100,\"unit\":\"\\u516c\\u514b\",\"option\":\"\\u7099\\uff0c\\u53bb\\u76ae\",\"price\":\"7.00\"},{\"medicine_id\":49,\"medicine\":\"\\u67b3\\u5b9e\",\"min_weight\":3,\"max_weight\":3,\"unit\":\"\\u679a\",\"option\":\"\\u5927\\u8005\\uff0c\\u7099\",\"price\":\"10.00\"}]',' 小承气汤','上三味，以水四升，煮取一升二合，去滓，分温二服。初服汤当更衣，不尔者，尽饮之，若更衣者，勿服之。',NULL,'NORMAL','2020-03-04 11:18:01','2020-05-22 10:35:25'),
(82,'',0,'','若脉浮发热，渴欲饮水，小便不利者，猪苓汤主之。','[{\"medicine_id\":61,\"medicine\":\"\\u6ed1\\u77f3\\u5404\",\"min_weight\":50,\"max_weight\":50,\"unit\":\"\\u4e24\",\"option\":\"\\u788e\",\"price\":\"17.00\"}]','猪苓汤','上五味，以水四升，先煮四味，取二升，去滓，内阿胶烊消，温服七合，日三服。',NULL,'NORMAL','2020-03-04 11:18:01','2020-05-22 10:28:51'),
(83,'',0,'','阳明病，发热汗出者，此为热越，不能发黄也。\n但头汗出，身无汗，剂颈而还，小便不利，渴引水浆者，此为瘀热在里，身必发黄，茵陈蒿汤主之。','[{\"medicine_id\":47,\"medicine\":\"\\u6800\\u5b50\",\"min_weight\":14,\"max_weight\":14,\"unit\":\"\\u679a\",\"option\":\"\\u64d8\",\"price\":\"15.00\"},{\"medicine_id\":41,\"medicine\":\"\\u5927\\u9ec4\",\"min_weight\":100,\"max_weight\":100,\"unit\":\"\\u516c\\u514b\",\"option\":\"\\u53bb\\u76ae\",\"price\":\"4.00\"}]','茵陈蒿汤','上三味，以水一斗二升，先煮茵陈，减六升，内二味。煮取三升，去滓，分三服。小便当利，尿如皂荚汁状，色正赤，一宿腹减，黄从小便去也。',NULL,'NORMAL','2020-03-04 11:18:01','2020-05-22 10:35:45'),
(84,'',0,'','干呕，吐涎沫，头痛者，吴茱萸汤主之。','[{\"medicine_id\":62,\"medicine\":\"\\u5434\\u8331\\u8438\",\"min_weight\":1,\"max_weight\":1,\"unit\":\"\\u5347\",\"option\":\"\\u6d17\",\"price\":\"0.00\"},{\"medicine_id\":33,\"medicine\":\"\\u751f\\u59dc\",\"min_weight\":300,\"max_weight\":300,\"unit\":\"\\u516c\\u514b\",\"option\":\"\\u5207\",\"price\":\"30.00\"},{\"medicine_id\":34,\"medicine\":\"\\u5927\\u67a3\",\"min_weight\":12,\"max_weight\":12,\"unit\":\"\\u679a\",\"option\":\"\\u64d8\",\"price\":\"0.00\"}]','吴茱萸汤','上四味，以水七升，煮取二升，去滓，温服七合，日三服。',NULL,'NORMAL','2020-03-04 11:18:01','2020-03-04 11:18:01'),
(85,'',0,'','趺阳脉浮而涩，浮则胃气强，涩则小便数，浮涩相抟，大便则硬，其脾为约，麻子仁丸主之。','[{\"medicine_id\":41,\"medicine\":\"\\u5927\\u9ec4\",\"min_weight\":1,\"max_weight\":1,\"unit\":\"\\u65a4\",\"option\":\"\\u53bb\\u76ae\",\"price\":\"4.00\"},{\"medicine_id\":45,\"medicine\":\"\\u539a\\u6734\",\"min_weight\":1,\"max_weight\":1,\"unit\":\"\\u5c3a\",\"option\":\"\\u7099\\uff0c\\u53bb\\u76ae\",\"price\":\"7.00\"},{\"medicine_id\":37,\"medicine\":\"\\u674f\\u4ec1\",\"min_weight\":1,\"max_weight\":1,\"unit\":\"\\u5347\",\"option\":\"\\u53bb\\u76ae\\u5c16\\uff0c\\u71ac\\uff0c\\u522b\\u4f5c\\u8102\",\"price\":\"5.00\"}]','麻子仁丸','上六味，蜜和丸如梧桐子大，饮服十丸，日三服，渐加，以知为度。',NULL,'NORMAL','2020-03-04 11:18:01','2020-05-22 10:34:12'),
(86,'',0,'','伤寒身黄发热者，栀子柏皮汤主之。','[{\"medicine_id\":63,\"medicine\":\"\\u80a5\\u6800\\u5b50\",\"min_weight\":15,\"max_weight\":15,\"unit\":\"\\u4e2a\",\"option\":\"\\u64d8\",\"price\":\"0.00\"},{\"medicine_id\":32,\"medicine\":\"\\u7518\\u8349\",\"min_weight\":50,\"max_weight\":50,\"unit\":\"\\u516c\\u514b\",\"option\":\"\\u7099\",\"price\":\"20.00\"}]','栀子柏皮汤','上三味，以水四升，煮取一升半，去滓，分温再服。',NULL,'NORMAL','2020-03-04 11:18:01','2020-05-22 09:57:34'),
(87,'',0,'','伤寒瘀热在里，身必黄，麻黄连翘赤小豆汤主之。','[{\"medicine_id\":38,\"medicine\":\"\\u9ebb\\u9ec4\",\"min_weight\":100,\"max_weight\":100,\"unit\":\"\\u516c\\u514b\",\"option\":\"\\u53bb\\u8282\",\"price\":\"4.00\"},{\"medicine_id\":64,\"medicine\":\"\\u8fde\\u7fd8\",\"min_weight\":100,\"max_weight\":100,\"unit\":\"\\u4e24\",\"option\":\"\\u8fde\\u7fd8\\u6839\\u662f\",\"price\":\"15.00\"},{\"medicine_id\":37,\"medicine\":\"\\u674f\\u4ec1\",\"min_weight\":40,\"max_weight\":40,\"unit\":\"\\u4e2a\",\"option\":\"\\u53bb\\u76ae\\u5c16\",\"price\":\"5.00\"},{\"medicine_id\":34,\"medicine\":\"\\u5927\\u67a3\",\"min_weight\":12,\"max_weight\":12,\"unit\":\"\\u679a\",\"option\":\"\\u64d8\",\"price\":\"0.00\"},{\"medicine_id\":65,\"medicine\":\"\\u751f\\u6893\\u767d\\u76ae\",\"min_weight\":1,\"max_weight\":1,\"unit\":\"\\u5347\",\"option\":\"\\u5207\",\"price\":\"0.00\"},{\"medicine_id\":33,\"medicine\":\"\\u751f\\u59dc\",\"min_weight\":100,\"max_weight\":100,\"unit\":\"\\u516c\\u514b\",\"option\":\"\\u5207\",\"price\":\"30.00\"},{\"medicine_id\":32,\"medicine\":\"\\u7518\\u8349\",\"min_weight\":100,\"max_weight\":100,\"unit\":\"\\u516c\\u514b\",\"option\":\"\\u7099\",\"price\":\"20.00\"}]','麻黄连翘赤小豆汤','上八味，以潦水一斗，先煮麻黄再沸，去上沫，内诸药．煮取三升，去滓，分温三服，半日服尽。',NULL,'NORMAL','2020-03-04 11:18:01','2020-05-22 10:34:12'),
(88,'',0,'','本太阳病，医反下之，因尔腹满时痛者，属太阴也，桂枝加芍药汤主之。大实痛者，桂枝加大黄汤主之。','[{\"medicine_id\":31,\"medicine\":\"\\u6842\\u679d\",\"min_weight\":150,\"max_weight\":150,\"unit\":\"\\u516c\\u514b\",\"option\":\"\\u53bb\\u76ae\",\"price\":\"10.00\"},{\"medicine_id\":32,\"medicine\":\"\\u7518\\u8349\",\"min_weight\":100,\"max_weight\":100,\"unit\":\"\\u516c\\u514b\",\"option\":\"\\u7099\",\"price\":\"20.00\"},{\"medicine_id\":34,\"medicine\":\"\\u5927\\u67a3\",\"min_weight\":12,\"max_weight\":12,\"unit\":\"\\u679a\\u751f\\u59dc\\u4e09\\u4e24\",\"option\":\"\\u64d8\",\"price\":\"0.00\"}]','桂枝加芍药汤','上五味，以水七升，煮取三升，去滓，温分三服。本云桂枝汤，今加芍药。',NULL,'NORMAL','2020-03-04 11:18:01','2020-03-04 11:18:01'),
(89,'',0,'','本太阳病，医反下之，因尔腹满时痛者，属太阴也，桂枝加芍药汤主之。大实痛者，桂枝加大黄汤主之。','[{\"medicine_id\":31,\"medicine\":\"\\u6842\\u679d\",\"min_weight\":150,\"max_weight\":150,\"unit\":\"\\u516c\\u514b\",\"option\":\"\\u53bb\\u76ae\",\"price\":\"10.00\"},{\"medicine_id\":33,\"medicine\":\"\\u751f\\u59dc\",\"min_weight\":150,\"max_weight\":150,\"unit\":\"\\u516c\\u514b\",\"option\":\"\\u5207\",\"price\":\"30.00\"},{\"medicine_id\":32,\"medicine\":\"\\u7518\\u8349\",\"min_weight\":100,\"max_weight\":100,\"unit\":\"\\u516c\\u514b\",\"option\":\"\\u7099\",\"price\":\"20.00\"},{\"medicine_id\":34,\"medicine\":\"\\u5927\\u67a3\",\"min_weight\":12,\"max_weight\":12,\"unit\":\"\\u679a\",\"option\":\"\\u64d8\",\"price\":\"0.00\"}]','桂枝加大黄汤','上六味，以水七升，煮取三升，去滓，温服一升，日三服。',NULL,'NORMAL','2020-03-04 11:18:01','2020-03-04 11:18:01'),
(90,'',0,'','少阴病，始得之，反发热脉沉者，麻黄附子细辛汤主之。    ','[{\"medicine_id\":38,\"medicine\":\"\\u9ebb\\u9ec4\",\"min_weight\":100,\"max_weight\":100,\"unit\":\"\\u516c\\u514b\",\"option\":\"\\u53bb\\u8282\",\"price\":\"4.00\"},{\"medicine_id\":36,\"medicine\":\"\\u9644\\u5b50\",\"min_weight\":1,\"max_weight\":1,\"unit\":\"\\u679a\",\"option\":\"\\u70ae\\uff0c\\u53bb\\u76ae\\uff0c\\u7834\\u516b\\u7247\",\"price\":\"0.00\"}]','麻黄附子细辛汤','上三味，以水一斗，先煮麻黄，减二升，去上沫，内诸  昙药，煮取三升，去滓，温服一升，日三服。',NULL,'NORMAL','2020-03-04 11:18:01','2020-05-22 09:49:39'),
(91,'',0,'','少阴病，得之二三日，麻黄附子甘草汤，微发汗。以二三日无证，故微发汗也。','[{\"medicine_id\":38,\"medicine\":\"\\u9ebb\\u9ec4\",\"min_weight\":100,\"max_weight\":100,\"unit\":\"\\u516c\\u514b\",\"option\":\"\\u53bb\\u8282\",\"price\":\"4.00\"},{\"medicine_id\":32,\"medicine\":\"\\u7518\\u8349\",\"min_weight\":100,\"max_weight\":100,\"unit\":\"\\u516c\\u514b\",\"option\":\"\\u7099\",\"price\":\"20.00\"},{\"medicine_id\":36,\"medicine\":\"\\u9644\\u5b50\",\"min_weight\":1,\"max_weight\":1,\"unit\":\"\\u679a\",\"option\":\"\\u70ae\\uff0c\\u53bb\\u76ae\\uff0c\\u7834\\u516b\\u7247\",\"price\":\"0.00\"}]','麻黄附子甘草汤','上三味，以水七升，先煮麻黄一两沸，去上沫，内诸煮取三升，去滓，温服一升，日三服。',NULL,'NORMAL','2020-03-04 11:18:01','2020-05-22 09:49:39'),
(92,'',0,'','少阴病，得之二三日以上，心中烦，不得卧，黄连阿胶汤主之。','[{\"medicine_id\":66,\"medicine\":\"\\u963f\\u80f6\",\"min_weight\":150,\"max_weight\":150,\"unit\":\"\\u4e24\",\"option\":\"\\u4e00\\u4e91\\u4e09\\u633a\",\"price\":\"14.00\"}]','黄连阿胶汤','上五味，以水六升，先煮三物，取二升，去滓，内胶烊  尽，小冷，内鸡子黄，搅令相得，温服七合，日三服。',NULL,'NORMAL','2020-03-04 11:18:01','2020-05-22 09:51:40'),
(93,'',0,'','少阴病，得之一二日，口中和，其背恶寒者。当灸之，附子汤主之。\n附子汤方','[{\"medicine_id\":36,\"medicine\":\"\\u9644\\u5b50\",\"min_weight\":2,\"max_weight\":2,\"unit\":\"\\u679a\",\"option\":\"\\u70ae\\uff0c\\u53bb\\u76ae\\uff0c\\u7834\\u516b\\u7247\",\"price\":\"0.00\"}]','附子汤','上五味，以水八升，煮取三升，去滓．温服一升，日三服。',NULL,'NORMAL','2020-03-04 11:18:01','2020-03-04 11:18:01'),
(94,'',0,'','少阴病，下利、咽痛、胸满、心烦，猪肤汤主之。','[]','猪肤汤','上一味，以水一斗，煮取五升，去滓，加白蜜一升，白粉五合熬香，和令相得，温分六服。',NULL,'NORMAL','2020-03-04 11:18:01','2020-03-04 11:18:01'),
(95,'',0,'','少阴病，二三日，咽痛者，可与甘草汤，不差，与桔梗汤。','[]','桔梗汤','上二味，以水三升，煮取一升，去滓，温分再服。',NULL,'NORMAL','2020-03-04 11:18:01','2020-03-04 11:18:01'),
(96,'',0,'','少阴病，咽中伤，生疮，不能语言，声不出者，苦酒汤主之。','[{\"medicine_id\":51,\"medicine\":\"\\u534a\\u590f\",\"min_weight\":14,\"max_weight\":14,\"unit\":\"\\u679a\",\"option\":\"\\u6d17\\uff0c\\u7834\\u5982\\u67a3\\u6838\",\"price\":\"22.00\"},{\"medicine_id\":67,\"medicine\":\"\\u9e21\\u5b50\",\"min_weight\":1,\"max_weight\":1,\"unit\":\"\\u679a\",\"option\":\"\\u53bb\\u9ec4\\uff0c\\u5185\\u4e0a\\u82e6\\u9152\\uff0c\\u7740\\u9e21\\u5b50\\u58f3\\u4e2d\",\"price\":\"0.00\"}]','苦酒汤','上二味，内半夏，著苦酒中，以鸡子壳置刀环中，安火上，令三沸，去滓，少少含咽之，不差，更作三剂。',NULL,'NORMAL','2020-03-04 11:18:01','2020-05-22 10:29:38'),
(97,'',0,'','少阴病，咽中痛，半夏散及汤主之。','[]','半夏散及汤','上三味，等分，各别捣筛已，合治之，白饮和服方寸匕。日三服。若不能散服者，以水一升，煎七沸，内散两方寸匕，更煮三沸，下火，令小冷，少少咽之。半夏有毒，不当散服。',NULL,'NORMAL','2020-03-04 11:18:01','2020-03-04 11:18:01'),
(98,'',0,'','少阴病，下利，白通汤主之。','[{\"medicine_id\":36,\"medicine\":\"\\u9644\\u5b50\",\"min_weight\":1,\"max_weight\":1,\"unit\":\"\\u679a\",\"option\":\"\\u751f\\uff0c\\u53bb\\u76ae\\uff0c\\u7834\\u516b\\u7247\",\"price\":\"0.00\"}]','白通汤','上三味，以水三升，煮取一升，去滓，分温再服。',NULL,'NORMAL','2020-03-04 11:18:01','2020-03-04 11:18:01'),
(99,'',0,'',' 少阴病，下利脉微者，与白通汤。\n    利不止，厥逆无脉，干呕烦者，通脉四逆加猪胆汁汤。服汤脉暴出者死，微续者生。','[{\"medicine_id\":36,\"medicine\":\"\\u9644\\u5b50\",\"min_weight\":1,\"max_weight\":1,\"unit\":\"\\u679a\\u5927\",\"option\":\"\\u751f\\uff0c\\u53bb\\u76ae\\uff0c\\u7834\\u516b\\u7247\",\"price\":\"0.00\"}]','通脉四逆加猪胆汁汤','上五味，以水三升，煮取一升，去滓，内胆汁，和令相得，分温再服。若无胆，亦可用。',NULL,'NORMAL','2020-03-04 11:18:01','2020-03-04 11:18:01'),
(100,'',0,'','少阴病．二三日不已，至四五日，腹痛，小便不利，四肢沉重疼痛，自下利者，此为有水气，其人或咳，或小便利，或下利，或呕者，真武汤主之。                              少阴病，得之一二日，口中和，其背恶寒者。当灸之，附子汤主之。      少阴病，身体痛，手足寒，骨节痛，脉沉者，附子汤主之。         ','[{\"medicine_id\":33,\"medicine\":\"\\u751f\\u59dc\",\"min_weight\":150,\"max_weight\":150,\"unit\":\"\\u516c\\u514b\",\"option\":\"\\u5207\",\"price\":\"30.00\"}]','真武汤、附子汤','上五味，以水八升，煮取三升，去滓，温服七合，日三服。',NULL,'NORMAL','2020-03-04 11:18:01','2020-03-04 11:18:01'),
(101,'',0,'','下利清谷，里寒外热，汗出而厥者，通脉四逆汤主之。','[{\"medicine_id\":32,\"medicine\":\"\\u7518\\u8349\",\"min_weight\":100,\"max_weight\":100,\"unit\":\"\\u516c\\u514b\",\"option\":\"\\u7099\",\"price\":\"20.00\"},{\"medicine_id\":68,\"medicine\":\"\\u9644\\u5b50\\u5927\\u8005\",\"min_weight\":1,\"max_weight\":1,\"unit\":\"\\u679a\",\"option\":\"\\u751f\\u7528\\uff0c\\u53bb\\u76ae\\uff0c\\u7834\\u516b\\u7247\",\"price\":\"0.00\"},{\"medicine_id\":69,\"medicine\":\"\\u5e72\\u59dc\",\"min_weight\":150,\"max_weight\":150,\"unit\":\"\\u516c\\u514b\",\"option\":\"\\u5f3a\\u4eba\\u53ef\\u56db\\u4e24\",\"price\":\"13.00\"}]','通脉四逆汤','上三昧，以水三升，煮取一升二合，去滓，分温再服。',NULL,'NORMAL','2020-03-04 11:18:01','2020-05-22 10:33:44'),
(102,'',0,'','少阴病，四逆，其人或咳或悸，或小便不利，或腹中痛，或泄利下重者，四逆散主之。                      有柴胡证，有四逆，其人或咳或悸，或小便不利，或腹中痛，或泄利下重者，四逆散主之，尤其“腹中痛”或者有“下利”的情况，常用四逆散。','[]','四逆散','上四味，各十分，捣筛，白饮和服方寸匕，日三服。',NULL,'NORMAL','2020-03-04 11:18:01','2020-03-04 11:18:01'),
(103,'',0,'','伤寒脉微而厥，至七八日肤冷，其人躁，无暂安时者，此为脏厥，非蛔厥也。\n蛔厥者，其人当吐蛔。令病者静，而复时烦者，此为脏寒。蛔上入其膈，故烦，须臾复止，得食而呕，又烦者，蛔闻食臭出，其人常自吐蛔。蛔厥者，乌梅丸主之。又主久利。','[{\"medicine_id\":36,\"medicine\":\"\\u9644\\u5b50\",\"min_weight\":300,\"max_weight\":300,\"unit\":\"\\u516c\\u514b\",\"option\":\"\\u70ae\\uff0c\\u53bb\\u76ae\",\"price\":\"0.00\"},{\"medicine_id\":70,\"medicine\":\"\\u8700\\u6912\",\"min_weight\":200,\"max_weight\":200,\"unit\":\"\\u4e24\",\"option\":\"\\u51fa\\u6c57\",\"price\":\"15.00\"},{\"medicine_id\":31,\"medicine\":\"\\u6842\\u679d\",\"min_weight\":300,\"max_weight\":300,\"unit\":\"\\u516c\\u514b\",\"option\":\"\\u53bb\\u76ae\",\"price\":\"10.00\"}]','乌梅丸','上十味，异捣筛，合治之，以苦酒渍乌梅一宿，去核，蒸之五斗米下，饭熟捣成泥，和药令相得，内臼中，与蜜杵二千下，丸如梧桐子大，先食饮服十丸，日三服，稍加至二十丸，禁生冷、滑物、臭食等。    ',NULL,'NORMAL','2020-03-04 11:18:01','2020-05-22 09:54:32'),
(104,'',0,'','手足厥寒，脉细欲绝者，当归四逆汤主之。','[{\"medicine_id\":31,\"medicine\":\"\\u6842\\u679d\",\"min_weight\":150,\"max_weight\":150,\"unit\":\"\\u516c\\u514b\",\"option\":\"\\u53bb\\u76ae\",\"price\":\"10.00\"},{\"medicine_id\":32,\"medicine\":\"\\u7518\\u8349\",\"min_weight\":100,\"max_weight\":100,\"unit\":\"\\u516c\\u514b\",\"option\":\"\\u7099\",\"price\":\"20.00\"},{\"medicine_id\":71,\"medicine\":\"\\u901a\\u8349\",\"min_weight\":100,\"max_weight\":100,\"unit\":\"\\u4e24\",\"option\":\"\\u6728\",\"price\":\"13.00\"},{\"medicine_id\":34,\"medicine\":\"\\u5927\\u67a3\",\"min_weight\":25,\"max_weight\":25,\"unit\":\"\\u679a\",\"option\":\"\\u64d8\\uff0c\\u4e00\\u6cd5\\uff0c\\u5341\\u4e8c\\u679a\",\"price\":\"0.00\"}]','当归四逆汤','上七味。以水八升，煮取三升，去滓，温服一升，日三服。',NULL,'NORMAL','2020-03-04 11:18:01','2020-05-22 09:52:13'),
(105,'',0,'','若其人内有久寒者，宜当归四逆加吴茱萸生姜汤。','[{\"medicine_id\":32,\"medicine\":\"\\u7518\\u8349\",\"min_weight\":100,\"max_weight\":100,\"unit\":\"\\u516c\\u514b\",\"option\":\"\\u7099\",\"price\":\"20.00\"},{\"medicine_id\":31,\"medicine\":\"\\u6842\\u679d\",\"min_weight\":150,\"max_weight\":150,\"unit\":\"\\u516c\\u514b\",\"option\":\"\\u53bb\\u76ae\",\"price\":\"10.00\"},{\"medicine_id\":34,\"medicine\":\"\\u5927\\u67a3\",\"min_weight\":25,\"max_weight\":25,\"unit\":\"\\u679a\",\"option\":\"\\u64d8\",\"price\":\"0.00\"}]','当归四逆加吴茱萸生姜汤','上九味，以水六升，清酒六升，和煮取五升，去滓，温分五服（一方，水酒各四升）',NULL,'NORMAL','2020-03-04 11:18:01','2020-03-04 11:18:01'),
(106,'',0,'','伤寒本自寒下，医复吐下之，寒格更逆吐下，若食入口即吐，干姜黄连黄芩人参汤主之。','[]','干姜黄芩黄连人参汤','上四味，以水六升，煮取二升，去滓，分温再服。',NULL,'NORMAL','2020-03-04 11:18:01','2020-03-04 11:18:01'),
(107,'',0,'','下利欲饮水者，以有热故也，白头翁汤主之。','[]','白头翁汤','上四味，以水七升，煮取二升，去滓，温服一升，不愈，更服一升。',NULL,'NORMAL','2020-03-04 11:18:01','2020-03-04 11:18:01'),
(108,'',0,'','尤其是高血压，你必须用血分药，同时用泻火的药物，所以三黄泻心汤配伍桂枝茯苓丸都可以的祛瘀活血，就算脑血管出血也是一样，出血在中医观点常常是由于瘀血的关系，我们最常用的大柴胡汤合桂枝茯苓丸加生石膏，又能降血压又能祛瘀。','[]','三黄泻心汤合桂枝茯苓丸、大柴胡汤合桂枝茯苓丸加生石膏','柴胡半斤  黄芩三两  芍药三两  半夏半升（洗）  生姜五两（切）枳实四枚（炙）  大枣十二枚（擘）大黄二两 桂枝三两 茯苓三两 丹皮三两 桃仁三两 石膏五两',NULL,'NORMAL','2020-03-04 11:18:01','2020-03-04 11:18:01'),
(109,'',0,'','肾着之病，其人身体重，腰中冷，如坐水中，形如水状，反不渴，小便自利，饮食如故，病属下焦，身劳汗出，衣（一作表）里冷湿，久久得之，腰以下冷痛，腹重如带五千钱，甘姜苓术汤主之。','[]','苓姜术甘汤','上四味，以水五升，煮取三升，分温三服，腰中即温。',NULL,'NORMAL','2020-03-04 11:18:01','2020-03-04 11:18:01'),
(110,'',0,'','伤寒脉微而厥，至七八日肤冷，其人躁，无暂安时者，此为脏厥，非蛔厥也。\n蛔厥者，其人当吐蛔。令病者静，而复时烦者，此为脏寒。蛔上入其膈，故烦，须臾复止，得食而呕，又烦者，蛔闻食臭出，其人常自吐蛔。蛔厥者，乌梅丸主之。又主久利。','[{\"medicine_id\":36,\"medicine\":\"\\u9644\\u5b50\",\"min_weight\":300,\"max_weight\":300,\"unit\":\"\\u516c\\u514b\",\"option\":\"\\u70ae\\uff0c\\u53bb\\u76ae\",\"price\":\"0.00\"},{\"medicine_id\":70,\"medicine\":\"\\u8700\\u6912\",\"min_weight\":200,\"max_weight\":200,\"unit\":\"\\u516c\\u514b\",\"option\":\"\\u51fa\\u6c57\",\"price\":\"15.00\"},{\"medicine_id\":31,\"medicine\":\"\\u6842\\u679d\",\"min_weight\":300,\"max_weight\":300,\"unit\":\"\\u516c\\u514b\",\"option\":\"\\u53bb\\u76ae\",\"price\":\"10.00\"}]','乌梅丸方','上十味，异捣筛，合治之，以苦酒渍乌梅一宿，去核，蒸之五斗米下，饭熟捣成泥，和药令相得，内臼中，与蜜杵二千下，丸如梧桐子大，先食饮服十丸，日三服，稍加至二十丸，禁生冷、滑物、臭食等。    ',NULL,'NORMAL','2020-03-04 11:18:01','2020-05-22 09:54:32'),
(111,'',0,'','呕而脉弱，小便复利，身有微热，见厥者难治，四逆汤主之。','[{\"medicine_id\":32,\"medicine\":\"\\u7518\\u8349\",\"min_weight\":100,\"max_weight\":100,\"unit\":\"\\u516c\\u514b\",\"option\":\"\\u7099\",\"price\":\"20.00\"},{\"medicine_id\":36,\"medicine\":\"\\u9644\\u5b50\",\"min_weight\":1,\"max_weight\":1,\"unit\":\"\\u679a\",\"option\":\"\\u751f\\u7528\\uff0c\\u53bb\\u76ae\\uff0c\\u7834\\u516b\\u7247\",\"price\":\"0.00\"}]','四逆汤','上三昧，以水三升，煮取一升二合，去滓，分温再服。强人可大附子一枚，干姜三两',NULL,'NORMAL','2020-03-04 11:18:01','2020-03-04 11:18:01'),
(112,'',0,'',' 下利谵语者，有燥屎也，宜小承气汤。','[{\"medicine_id\":45,\"medicine\":\"\\u539a\\u6734\",\"min_weight\":100,\"max_weight\":100,\"unit\":\"\\u516c\\u514b\",\"option\":\"\\u7099\\uff0c\\u53bb\\u76ae\",\"price\":\"7.00\"},{\"medicine_id\":49,\"medicine\":\"\\u67b3\\u5b9e\",\"min_weight\":3,\"max_weight\":3,\"unit\":\"\\u679a\",\"option\":\"\\u5927\\u8005\\uff0c\\u7099\",\"price\":\"10.00\"}]','小承气汤','上三味，以水四升，煮取一升二合，去滓，分温二服。初服汤当更衣，不尔者，尽饮之，若更衣者，勿服之。',NULL,'NORMAL','2020-03-04 11:18:01','2020-05-22 10:35:25'),
(113,'',0,'','恶寒，脉微而复利，利止亡血也，恶寒，脉微而复利，利止亡血也，四逆加人参汤主之。','[{\"medicine_id\":32,\"medicine\":\"\\u7518\\u8349\",\"min_weight\":100,\"max_weight\":100,\"unit\":\"\\u516c\\u514b\",\"option\":\"\\u7099\",\"price\":\"20.00\"},{\"medicine_id\":36,\"medicine\":\"\\u9644\\u5b50\",\"min_weight\":1,\"max_weight\":1,\"unit\":\"\\u679a\",\"option\":\"\\u751f\\uff0c\\u53bb\\u76ae\\uff0c\\u7834\\u516b\\u7247\",\"price\":\"0.00\"}]','四逆加人参汤','上四味，以水三升，煮取一升二合，去滓，分温再服。',NULL,'NORMAL','2020-03-04 11:18:01','2020-03-04 11:18:01'),
(114,'',0,'','霍乱，头痛发热，身疼痛，热多欲饮水者，五苓散主之；寒多不用水者，理中丸主之。大病瘥后，喜唾，久不了了，胸上有寒，当以丸药温之，宜理中丸。','[]','理中丸','上四味，捣筛，蜜和为丸，如鸡子黄许大。以沸汤数合，和一丸，研碎，温服之，日三四，夜二服。腹中未热，益至三四丸，然不及汤。汤法，以四物，依两数切，用水八升，煮取三升，去滓，温服一升，日三服。',NULL,'NORMAL','2020-03-04 11:18:01','2020-03-04 11:18:01'),
(115,'',0,'','大病瘥后，从腰以下有水气者，牡蛎泽泻散主之。','[]','牡蛎泽泻散','上七味，异捣，下筛为散，更于臼中治之，白饮和服方寸匕，日三服。小便利，止后服。',NULL,'NORMAL','2020-03-04 11:18:01','2020-03-04 11:18:01'),
(116,'',0,'','伤寒解后，虚赢少气，气逆欲吐，竹叶石膏汤主之。','[{\"medicine_id\":72,\"medicine\":\"\\u9ea6\\u95e8\\u51ac\",\"min_weight\":1,\"max_weight\":1,\"unit\":\"\\u5347\",\"option\":\"\\u53bb\\u5fc3\",\"price\":\"0.00\"},{\"medicine_id\":32,\"medicine\":\"\\u7518\\u8349\",\"min_weight\":100,\"max_weight\":100,\"unit\":\"\\u516c\\u514b\",\"option\":\"\\u7099\",\"price\":\"20.00\"}]','竹叶石膏汤','上七味，以水一斗，煮取六升，去滓，内粳米，煮米熟，汤成去米，温服一升，日三服。',NULL,'NORMAL','2020-03-04 11:18:01','2020-05-22 09:48:19'),
(117,'',0,'','大病瘥后劳复者，枳实栀子豉汤主之','[{\"medicine_id\":49,\"medicine\":\"\\u67b3\\u5b9e\",\"min_weight\":3,\"max_weight\":3,\"unit\":\"\\u679a\",\"option\":\"\\u7099\",\"price\":\"10.00\"},{\"medicine_id\":47,\"medicine\":\"\\u6800\\u5b50\",\"min_weight\":14,\"max_weight\":14,\"unit\":\"\\u4e2a\",\"option\":\"\\u64d8\",\"price\":\"15.00\"},{\"medicine_id\":73,\"medicine\":\"\\u8c49\",\"min_weight\":1,\"max_weight\":1,\"unit\":\"\\u5347\",\"option\":\"\\u7ef5\\u88f9\",\"price\":\"0.00\"}]','枳实栀子豉汤','上三味，以清浆水七升，空煮取四升，内枳实栀子，煮取二升，下豉，更主煮五六沸，去滓，温分再服，覆令微似汗。若有宿食者，内大黄如博棋子五六枚，服之愈。',NULL,'NORMAL','2020-03-04 11:18:01','2020-05-22 10:35:45'),
(118,'',0,'','太阳病，其证备，身体强，几几然，脉反沉迟，此为痉，瓜蒌桂枝汤主之','[]','栝蒌桂枝汤','上六味．以水九升，煮取三升，分温三服，取微汗。汗不出，食顷，啜热粥发之。',NULL,'NORMAL','2020-03-04 11:18:01','2020-03-04 11:18:01'),
(119,'disease_name',14,'腹泻、大便溏, ','不爱吃饭','[{\"medicine_id\":64,\"medicine\":\"\\u8fde\\u7fd8\",\"min_weight\":\"0\",\"max_weight\":\"0\",\"unit\":\"\\u516c\\u514b\",\"option\":\"\\u8fde\\u7fd8\\u6839\\u662f\",\"price\":\"15.00\"},{\"medicine_id\":56,\"medicine\":\"\\u674f\\u4ec1\\u534a\\u5347\\u522b\\u6363\\u7518\\u9042\\u672b\",\"min_weight\":\"0\",\"max_weight\":\"0\",\"unit\":\"\\u94b1\\u5315\\uff0c\\u767d\\u871c\\u4e8c\\u5408\\uff0c\\u6c34\\u4e8c\\u5347\\uff0c\\u716e\\u53d6\",\"option\":\"\\u53bb\\u76ae\\u5c16\\uff0c\\u71ac\\u9ed1\",\"price\":\"0.00\"}]','XXXX汤',NULL,NULL,'NORMAL','2020-03-31 13:07:33','2020-05-22 09:52:50'),
(120,'disease_name',18,'fare','meiyou','[{\"medicine_id\":51,\"medicine\":\"\\u534a\\u590f\",\"min_weight\":\"1\",\"max_weight\":\"2\",\"unit\":\"\\u94e2\",\"option\":\"\\u6d17\\uff0c\\u7834\\u5982\\u67a3\\u6838\",\"price\":\"22.00\"},{\"medicine_id\":34,\"medicine\":\"\\u5927\\u67a3\",\"min_weight\":\"2\",\"max_weight\":\"3\",\"unit\":\"\\u679a\",\"option\":\"\\u64d8\",\"price\":\"0.00\"},{\"medicine_id\":59,\"medicine\":\"\\u592a\",\"min_weight\":\"1\",\"max_weight\":\"2\",\"unit\":\"\\u79b9\\u4f59\\u7cae\",\"option\":\"\\u788e\",\"price\":\"0.00\"},{\"medicine_id\":69,\"medicine\":\"\\u5e72\\u59dc\",\"min_weight\":\"2\",\"max_weight\":\"3\",\"unit\":\"\\u516c\\u514b\",\"option\":\"\\u5f3a\\u4eba\\u53ef\\u56db\\u4e24\",\"price\":\"13.00\"},{\"medicine_id\":56,\"medicine\":\"\\u674f\\u4ec1\\u534a\\u5347\\u522b\\u6363\\u7518\\u9042\\u672b\",\"min_weight\":\"1\",\"max_weight\":\"2\",\"unit\":\"\\u94b1\\u5315\\uff0c\\u767d\\u871c\\u4e8c\\u5408\\uff0c\\u6c34\\u4e8c\\u5347\\uff0c\\u716e\\u53d6\",\"option\":\"\\u53bb\\u76ae\\u5c16\\uff0c\\u71ac\\u9ed1\",\"price\":\"0.00\"},{\"medicine_id\":62,\"medicine\":\"\\u5434\\u8331\\u8438\",\"min_weight\":\"1\",\"max_weight\":\"2\",\"unit\":\"\\u5347\",\"option\":\"\\u6d17\",\"price\":\"0.00\"},{\"medicine_id\":47,\"medicine\":\"\\u6800\\u5b50\",\"min_weight\":\"1\",\"max_weight\":\"2\",\"unit\":\"\\u4e2a\",\"option\":\"\\u64d8\",\"price\":\"15.00\"},{\"medicine_id\":44,\"medicine\":\"\\u5927\\u67a3+\",\"min_weight\":\"1\",\"max_weight\":\"8\",\"unit\":\"\\u679a\",\"option\":\"\\u64d8\",\"price\":\"0.00\"}]','药方名1','煎服法',NULL,'NORMAL','2020-04-02 09:57:14','2020-05-22 10:35:45');

/*Table structure for table `settings` */

DROP TABLE IF EXISTS `settings`;

CREATE TABLE `settings` (
  `id` bigint(20) unsigned NOT NULL AUTO_INCREMENT,
  `name` varchar(256) NOT NULL,
  `value` varchar(256) NOT NULL,
  `created_at` timestamp NULL DEFAULT NULL,
  `updated_at` timestamp NULL DEFAULT NULL,
  PRIMARY KEY (`id`)
) ENGINE=InnoDB AUTO_INCREMENT=4 DEFAULT CHARSET=utf8;

/*Data for the table `settings` */

insert  into `settings`(`id`,`name`,`value`,`created_at`,`updated_at`) values 
(1,'WEIXIN_PAY','/uploads/images/f60c7d3450dd4230cb81c029bfe4bfa2b526240f.png','2019-12-03 18:51:39','2020-01-17 08:30:56'),
(2,'ZHIFUBAO_PAY','/uploads/images/23d1aee1d4eb7f98f979de04a4ec13398fa3f09b.png','2019-12-03 18:54:09','2020-01-17 08:30:56'),
(3,'ACCEPT_PRICE','30',NULL,'2020-05-07 15:31:44');

/*Table structure for table `treatments` */

DROP TABLE IF EXISTS `treatments`;

CREATE TABLE `treatments` (
  `id` bigint(20) unsigned NOT NULL AUTO_INCREMENT,
  `patient_id` int(11) NOT NULL,
  `doctor_id` int(11) NOT NULL,
  `request_time` timestamp NOT NULL DEFAULT CURRENT_TIMESTAMP ON UPDATE CURRENT_TIMESTAMP,
  `accept_by` int(11) NOT NULL,
  `question_id` int(11) DEFAULT NULL,
  `question` text,
  `comment` text,
  `comment1` text,
  `recipe` text,
  `guahao` varchar(255) NOT NULL,
  `state` varchar(64) DEFAULT NULL,
  `record_video` varchar(255) DEFAULT NULL,
  `treat_start` datetime DEFAULT NULL,
  `treat_end` datetime DEFAULT NULL,
  `disease_name` varchar(255) DEFAULT NULL,
  `price` double DEFAULT NULL,
  `price_medicine` double DEFAULT NULL,
  `price_guahao` double DEFAULT NULL,
  `pay_type_guahao` varchar(32) DEFAULT NULL,
  `pay_type_medicine` varchar(32) DEFAULT NULL,
  `doctor_profit` double DEFAULT NULL,
  `hospital_profit` double DEFAULT NULL,
  `original_recipe` varchar(255) DEFAULT NULL,
  `biaozheng` varchar(256) DEFAULT NULL,
  `lizheng` varchar(256) DEFAULT NULL,
  `biaoli` varchar(256) DEFAULT NULL,
  `mai` varchar(256) DEFAULT NULL,
  `doctor_question` text,
  `houfang` varchar(8) DEFAULT NULL,
  `fuNumber` int(11) DEFAULT NULL,
  `hefangMedicines` text,
  `shippingType` varchar(8) DEFAULT NULL,
  `kuaidiCompany` varchar(128) DEFAULT NULL,
  `kuaidiNumber` varchar(128) DEFAULT NULL,
  `past_history` text,
  `created_at` timestamp NULL DEFAULT NULL,
  `updated_at` timestamp NULL DEFAULT NULL,
  PRIMARY KEY (`id`)
) ENGINE=InnoDB AUTO_INCREMENT=117 DEFAULT CHARSET=utf8;

/*Data for the table `treatments` */

insert  into `treatments`(`id`,`patient_id`,`doctor_id`,`request_time`,`accept_by`,`question_id`,`question`,`comment`,`comment1`,`recipe`,`guahao`,`state`,`record_video`,`treat_start`,`treat_end`,`disease_name`,`price`,`price_medicine`,`price_guahao`,`pay_type_guahao`,`pay_type_medicine`,`doctor_profit`,`hospital_profit`,`original_recipe`,`biaozheng`,`lizheng`,`biaoli`,`mai`,`doctor_question`,`houfang`,`fuNumber`,`hefangMedicines`,`shippingType`,`kuaidiCompany`,`kuaidiNumber`,`past_history`,`created_at`,`updated_at`) values 
(105,28,32,'2020-07-10 12:41:00',1,NULL,NULL,NULL,NULL,NULL,'426107','TREATING',NULL,'2020-07-10 12:41:00',NULL,NULL,30,NULL,30,'支付宝',NULL,20.7,9.3,NULL,NULL,NULL,NULL,NULL,NULL,NULL,NULL,NULL,NULL,NULL,NULL,NULL,'2020-07-07 16:22:19','2020-07-10 12:41:00'),
(106,6,43,'2020-07-08 17:23:50',37,NULL,NULL,'[{\"key\":null,\"value\":null}]',NULL,'[{\"id\":21,\"medicine\":\"[{\\\"medicine_id\\\":31,\\\"medicine\\\":\\\"桂枝\\\",\\\"min_weight\\\":\\\"100\\\",\\\"max_weight\\\":\\\"200\\\",\\\"unit\\\":\\\"公克\\\",\\\"option\\\":\\\"去皮\\\",\\\"price\\\":\\\"10.00\\\",\\\"weight\\\":0},{\\\"medicine_id\\\":34,\\\"medicine\\\":\\\"大枣\\\",\\\"min_weight\\\":\\\"10\\\",\\\"max_weight\\\":\\\"100\\\",\\\"unit\\\":\\\"公克\\\",\\\"option\\\":\\\"擘\\\",\\\"price\\\":\\\"0.00\\\",\\\"weight\\\":0}]\",\"prescription_name\":\"桂枝麻黄各半汤\",\"other_condition\":\"太阳病得之八九日，如虐状，发热恶寒，热多寒少，其人不呕，清便欲自可，一日二三度发，脉微缓者，为欲愈也。脉微而恶寒者，此阴阳俱虚，不可发汗，更下，更吐也。面色反有热色者，未欲解也，以其不能得小汗出，身必痒，宜桂枝麻黄各半汤。\",\"eating_method\":\"上七味，以水五升，先煮麻黄一二沸，去上沫，内诸药，煮取一升八合，去滓，温服六合。本云，桂枝汤三合，麻黄汤三合，并为六合，顿服。\",\"ban\":null,\"daiNumber\":0,\"price\":0,\"shifouhefang\":true},{\"id\":24,\"medicine\":\"[{\\\"medicine_id\\\":40,\\\"medicine\\\":\\\"甘草各\\\",\\\"min_weight\\\":\\\"10\\\",\\\"max_weight\\\":\\\"50\\\",\\\"unit\\\":\\\"公克\\\",\\\"option\\\":\\\"炙\\\",\\\"price\\\":\\\"0.00\\\",\\\"weight\\\":0},{\\\"medicine_id\\\":34,\\\"medicine\\\":\\\"大枣\\\",\\\"min_weight\\\":\\\"10\\\",\\\"max_weight\\\":\\\"100\\\",\\\"unit\\\":\\\"公克\\\",\\\"option\\\":\\\"擘\\\",\\\"price\\\":\\\"0.00\\\",\\\"weight\\\":0},{\\\"medicine_id\\\":39,\\\"medicine\\\":\\\"石膏\\\",\\\"min_weight\\\":\\\"10\\\",\\\"max_weight\\\":\\\"50\\\",\\\"unit\\\":\\\"公克\\\",\\\"option\\\":\\\"碎，绵裹\\\",\\\"price\\\":\\\"8.00\\\",\\\"weight\\\":0}]\",\"prescription_name\":\"桂枝二越婢一汤\",\"other_condition\":\"太阳病，发热恶寒，热多寒少。脉微弱者，此无阳也，不可发汗，宜桂枝二越婢一汤。\",\"eating_method\":\"上七味，以水五升，煮麻黄一二沸，去上沫，内诸药，煮取二升，去滓，温服一升。本云，当裁为越婢汤桂枝汤，\",\"ban\":null,\"daiNumber\":0,\"price\":0,\"shifouhefang\":true}]','998497','CLOSE','UqdI5qvfTP.mp4','2020-07-08 17:16:01','2020-07-08 17:21:14',NULL,30,0,30,'现金支付','支付宝',15,15,NULL,'发热,无汗而喘,恶风不欲去衣,骨节痛,头痛,身体尪赢','','','',NULL,NULL,NULL,NULL,'自取',NULL,NULL,NULL,'2020-07-08 12:56:00','2020-07-08 17:23:50'),
(107,26,43,'2020-07-08 12:57:30',37,NULL,NULL,NULL,NULL,NULL,'197651','WAITING_TREATMENT',NULL,NULL,NULL,NULL,30,NULL,30,'微信支付',NULL,15,15,NULL,NULL,NULL,NULL,NULL,NULL,NULL,NULL,NULL,NULL,NULL,NULL,NULL,'2020-07-08 12:57:27','2020-07-08 12:57:30'),
(108,27,43,'2020-07-08 12:58:20',37,NULL,NULL,NULL,NULL,NULL,'980705','WAITING_TREATMENT',NULL,NULL,NULL,NULL,30,NULL,30,'POST机',NULL,15,15,NULL,NULL,NULL,NULL,NULL,NULL,NULL,NULL,NULL,NULL,NULL,NULL,NULL,'2020-07-08 12:58:16','2020-07-08 12:58:20'),
(109,29,43,'2020-07-08 12:59:10',37,NULL,NULL,NULL,NULL,NULL,'257003','WAITING_TREATMENT',NULL,NULL,NULL,NULL,30,NULL,30,'现金支付',NULL,15,15,NULL,NULL,NULL,NULL,NULL,NULL,NULL,NULL,NULL,NULL,NULL,NULL,NULL,'2020-07-08 12:59:03','2020-07-08 12:59:10'),
(111,30,44,'2020-07-10 12:57:07',37,NULL,NULL,NULL,NULL,NULL,'447084','TREATING',NULL,'2020-07-10 12:57:07',NULL,NULL,30,NULL,30,'微信支付',NULL,15,15,NULL,NULL,NULL,NULL,NULL,NULL,NULL,NULL,NULL,NULL,NULL,NULL,NULL,'2020-07-08 13:01:16','2020-07-10 12:57:07'),
(112,32,44,'2020-07-08 13:02:53',37,NULL,NULL,NULL,NULL,NULL,'357251','WAITING_TREATMENT',NULL,NULL,NULL,NULL,30,NULL,30,'微信支付',NULL,15,15,NULL,NULL,NULL,NULL,NULL,NULL,NULL,NULL,NULL,NULL,NULL,NULL,NULL,'2020-07-08 13:02:49','2020-07-08 13:02:53'),
(113,33,44,'2020-07-08 13:03:39',37,NULL,NULL,NULL,NULL,NULL,'351697','WAITING_TREATMENT',NULL,NULL,NULL,NULL,30,NULL,30,'现金支付',NULL,15,15,NULL,NULL,NULL,NULL,NULL,NULL,NULL,NULL,NULL,NULL,NULL,NULL,NULL,'2020-07-08 13:03:36','2020-07-08 13:03:39'),
(114,34,44,'2020-07-08 13:04:27',37,NULL,NULL,NULL,NULL,NULL,'820781','WAITING_TREATMENT',NULL,NULL,NULL,NULL,30,NULL,30,'微信支付',NULL,15,15,NULL,NULL,NULL,NULL,NULL,NULL,NULL,NULL,NULL,NULL,NULL,NULL,NULL,'2020-07-08 13:04:21','2020-07-08 13:04:27'),
(115,46,44,'2020-07-08 13:05:25',37,NULL,NULL,NULL,NULL,NULL,'832448','WAITING_TREATMENT',NULL,NULL,NULL,NULL,30,NULL,30,'现金支付',NULL,15,15,NULL,NULL,NULL,NULL,NULL,NULL,NULL,NULL,NULL,NULL,NULL,NULL,NULL,'2020-07-08 13:05:18','2020-07-08 13:05:25'),
(116,44,43,'2020-07-08 13:07:22',37,NULL,NULL,NULL,NULL,NULL,'310889','WAITING_TREATMENT',NULL,NULL,NULL,NULL,30,NULL,30,'现金支付',NULL,15,15,NULL,NULL,NULL,NULL,NULL,NULL,NULL,NULL,NULL,NULL,NULL,NULL,NULL,'2020-07-08 13:07:19','2020-07-08 13:07:22');

/*Table structure for table `users` */

DROP TABLE IF EXISTS `users`;

CREATE TABLE `users` (
  `id` bigint(20) unsigned NOT NULL AUTO_INCREMENT,
  `name` varchar(128) NOT NULL,
  `phone` varchar(64) NOT NULL,
  `department_id` int(11) NOT NULL,
  `description` text NOT NULL,
  `from` varchar(8) NOT NULL,
  `to` varchar(8) NOT NULL,
  `visiting_place` varchar(128) NOT NULL,
  `password` varchar(64) NOT NULL,
  `created_at` timestamp NULL DEFAULT NULL,
  `updated_at` timestamp NULL DEFAULT NULL,
  PRIMARY KEY (`id`)
) ENGINE=InnoDB DEFAULT CHARSET=utf8;

/*Data for the table `users` */

/*!40101 SET SQL_MODE=@OLD_SQL_MODE */;
/*!40014 SET FOREIGN_KEY_CHECKS=@OLD_FOREIGN_KEY_CHECKS */;
/*!40014 SET UNIQUE_CHECKS=@OLD_UNIQUE_CHECKS */;
/*!40111 SET SQL_NOTES=@OLD_SQL_NOTES */;
